time_s,is_control_reporting_time,reference_doc,uniform_full_power_doc,target_full_power_doc,target_full_power_outside_doc,feasibility_deficit,reference_minus_target_full_power,target_full_power_minus_reference,uniform_full_power_minus_reference,uniform_o2_mean,uniform_tempo_mean,uniform_dose_mean,uniform_reaction_progress_mean,o2_target_mean,tempo_target_mean,dose_target_mean,reaction_progress_target_mean,mpc_target_doc,mpc_tracking_error,target_region_control_mean
0,1,0.0119618606071,0,0,0,0.0119618606071,0.0119618606071,-0.0119618606071,-0.0119618606071,27.7116832733,92.0178146362,0,0,27.7116985321,92.0178070068,0,0,0,-0.0119618606071,0.949880897999
0.05,0,0.0170221997444,0,0,0,0.0170221997444,0.0170221997444,-0.0170221997444,-0.0170221997444,26.2116832733,92.0178146362,0,0,26.2226467133,92.0178070068,0,0,0,-0.0170221997444,0.949880897999
0.1,0,0.0170221997444,0,0,0,0.0170221997444,0.0170221997444,-0.0170221997444,-0.0170221997444,24.7116832733,92.0178146362,0,0,24.7394618988,92.0178070068,0,0,0,-0.0170221997444,0.949880897999
0.15,0,0.0170221997444,0,0,0,0.0170221997444,0.0170221997444,-0.0170221997444,-0.0170221997444,23.211687088,92.0178146362,0,0,23.2605743408,92.0178070068,0,0,0,-0.0170221997444,0.949880897999
0.2,0,0.0170221997444,0,0,0,0.0170221997444,0.0170221997444,-0.0170221997444,-0.0170221997444,21.711687088,92.0178146362,0,0,21.7852401733,92.0178070068,0,0,0,-0.0170221997444,0.949880897999
0.25,0,0.0170221997444,0,0,0,0.0170221997444,0.0170221997444,-0.0170221997444,-0.0170221997444,20.2116889954,92.0178146362,0,0,20.3130054474,92.0178070068,0,0,0,-0.0170221997444,0.949880897999
0.3,0,0.0170221997444,0,0,0,0.0170221997444,0.0170221997444,-0.0170221997444,-0.0170221997444,18.7116889954,92.0178146362,0,0,18.8435554504,92.0178070068,0,0,0,-0.0170221997444,0.949880897999
0.35,0,0.0170221997444,0,0,0,0.0170221997444,0.0170221997444,-0.0170221997444,-0.0170221997444,17.2116928101,92.0178146362,0,0,17.3766536713,92.0178070068,0,0,0,-0.0170221997444,0.949880897999
0.4,0,0.0170221997444,0,0,0,0.0170221997444,0.0170221997444,-0.0170221997444,-0.0170221997444,15.7116918564,92.0178146362,0,0,15.9121131897,92.0178070068,0,0,0,-0.0170221997444,0.949880897999
0.45,0,0.0170221997444,0,0,0,0.0170221997444,0.0170221997444,-0.0170221997444,-0.0170221997444,14.2116947174,92.0178146362,0,0,14.4497833252,92.0178070068,0,0,0,-0.0170221997444,0.949880897999
0.5,1,0.0170221997444,0,0,0,0.0170221997444,0.0170221997444,-0.0170221997444,-0.0170221997444,12.7116975784,92.0178146362,0,0,12.9895410538,92.0178070068,0,0,0,-0.0170221997444,0.949880897999
0.55,0,0.0170221997444,0,0,0,0.0170221997444,0.0170221997444,-0.0170221997444,-0.0170221997444,11.2117004395,92.0178146362,0,0,11.5312757492,92.0178070068,0,0,0,-0.0170221997444,0.95263304952
0.6,0,0.0170221997444,0,0,0,0.0170221997444,0.0170221997444,-0.0170221997444,-0.0170221997444,9.71170043945,92.0178146362,0,0,10.0749015808,92.0178070068,0,0,0,-0.0170221997444,0.95263304952
0.65,0,0.0170221997444,0,0,0,0.0170221997444,0.0170221997444,-0.0170221997444,-0.0170221997444,8.21170043945,92.0178146362,0,0,8.62033367157,92.0178070068,0,0,0,-0.0170221997444,0.95263304952
0.7,0,0.0170221997444,0,0,0,0.0170221997444,0.0170221997444,-0.0170221997444,-0.0170221997444,6.71169996262,92.0178146362,0,0,7.16750383377,92.0178070068,0,0,0,-0.0170221997444,0.95263304952
0.75,0,0.0170221997444,0,0,0,0.0170221997444,0.0170221997444,-0.0170221997444,-0.0170221997444,5.21170091629,92.0178146362,0,0,5.71634674072,92.0178070068,0,0,0,-0.0170221997444,0.95263304952
0.8,0,0.0170221997444,0,0,0,0.0170221997444,0.0170221997444,-0.0170221997444,-0.0170221997444,3.71170067787,92.0178146362,0,0,4.26680660248,92.0178070068,0,0,0,-0.0170221997444,0.95263304952
0.85,0,0.0170221997444,0,0,0,0.0170221997444,0.0170221997444,-0.0170221997444,-0.0170221997444,2.21170043945,92.0178146362,0,0,2.81883144379,92.0178070068,0,0,0,-0.0170221997444,0.95263304952
0.9,0,0.0170221997444,0,0,0,0.0170221997444,0.0170221997444,-0.0170221997444,-0.0170221997444,0.711700439453,92.0178146362,0,0,1.37237417698,92.0178070068,0,0,0,-0.0170221997444,0.95263304952
0.95,0,0.0170221997444,0,0,0,0.0170221997444,0.0170221997444,-0.0170221997444,-0.0170221997444,0,90.5178146362,0,0,0.587298810482,90.6982879639,0,0,0,-0.0170221997444,0.95263304952
1,1,0.0170221997444,0,0,0,0.0170221997444,0.0170221997444,-0.0170221997444,-0.0170221997444,0,89.0178146362,0,0,0.472162693739,89.3340530396,0,0,0,-0.0170221997444,0.95263304952
1.05,0,0.0170221997444,0,0,0,0.0170221997444,0.0170221997444,-0.0170221997444,-0.0170221997444,0,87.5178146362,0,0,0.385296404362,87.9686431885,0,0,0,-0.0170221997444,0.957605637121
1.1,0,0.0170221997444,0,0,0,0.0170221997444,0.0170221997444,-0.0170221997444,-0.0170221997444,0,86.0178146362,0,0,0.322001248598,86.5606842041,0,0,0,-0.0170221997444,0.957605637121
1.15,0,0.0170221997444,0,0,0,0.0170221997444,0.0170221997444,-0.0170221997444,-0.0170221997444,0,84.5178146362,0,0,0.27338385582,85.1518783569,0,0,0,-0.0170221997444,0.957605637121
1.2,0,0.0170221997444,0,0,0,0.0170221997444,0.0170221997444,-0.0170221997444,-0.0170221997444,0,83.0178146362,0,0,0.231914028525,83.7425079346,0,0,0,-0.0170221997444,0.957605637121
1.25,0,0.0170221997444,0,0,0,0.0170221997444,0.0170221997444,-0.0170221997444,-0.0170221997444,0,81.5178146362,0,0,0.195779457688,82.3333892822,0,0,0,-0.0170221997444,0.957605637121
1.3,0,0.0170221997444,0,0,0,0.0170221997444,0.0170221997444,-0.0170221997444,-0.0170221997444,0,80.0178146362,0,0,0.163758322597,80.9248428345,0,0,0,-0.0170221997444,0.957605637121
1.35,0,0.0170221997444,0,0,0,0.0170221997444,0.0170221997444,-0.0170221997444,-0.0170221997444,0,78.5178146362,0,0,0.140433341265,79.4757003784,0,0,0,-0.0170221997444,0.957605637121
1.4,0,0.0170221997444,0,0,0,0.0170221997444,0.0170221997444,-0.0170221997444,-0.0170221997444,0,77.0178146362,0,0,0.125027522445,78.0263824463,0,0,0,-0.0170221997444,0.957605637121
1.45,0,0.0170221997444,0,0,0,0.0170221997444,0.0170221997444,-0.0170221997444,-0.0170221997444,0,75.5178146362,0,0,0.112720131874,76.579826355,0,0,0,-0.0170221997444,0.957605637121
1.5,1,0.0170221997444,0,0,0,0.0170221997444,0.0170221997444,-0.0170221997444,-0.0170221997444,0,74.0178146362,0,0,0.102284900844,75.1354675293,0,0,0,-0.0170221997444,0.957605637121
1.55,0,0.0170221997444,0,0,0,0.0170221997444,0.0170221997444,-0.0170221997444,-0.0170221997444,0,72.5178146362,0,0,0.0932418331504,73.6937179565,0,0,0,-0.0170221997444,0.945381298629
1.6,0,0.0170221997444,0,0,0,0.0170221997444,0.0170221997444,-0.0170221997444,-0.0170221997444,0,71.0178146362,0,0,0.0852181091905,72.254234314,0,0,0,-0.0170221997444,0.945381298629
1.65,0,0.0170221997444,0,0,0,0.0170221997444,0.0170221997444,-0.0170221997444,-0.0170221997444,0,69.5178146362,0,0,0.0779986605048,70.8169250488,0,0,0,-0.0170221997444,0.945381298629
1.7,0,0.0170221997444,0,0,0,0.0170221997444,0.0170221997444,-0.0170221997444,-0.0170221997444,0,68.0178146362,0,0,0.0714265927672,69.3816146851,0,0,0,-0.0170221997444,0.945381298629
1.75,0,0.0170221997444,0,0,0,0.0170221997444,0.0170221997444,-0.0170221997444,-0.0170221997444,0,66.5178146362,0,0,0.0654067695141,67.947479248,0,0,0,-0.0170221997444,0.945381298629
1.8,0,0.0170221997444,0,0,0,0.0170221997444,0.0170221997444,-0.0170221997444,-0.0170221997444,0,65.0178146362,0,0,0.0599058046937,66.5150680542,0,0,0,-0.0170221997444,0.945381298629
1.85,0,0.0170221997444,0,0,0,0.0170221997444,0.0170221997444,-0.0170221997444,-0.0170221997444,0,63.5178108215,0,0,0.0548294372857,65.0842056274,0,0,0,-0.0170221997444,0.945381298629
1.9,0,0.0170221997444,0,0,0,0.0170221997444,0.0170221997444,-0.0170221997444,-0.0170221997444,0,62.0178108215,0,0,0.0501074977219,63.6549339294,0,0,0,-0.0170221997444,0.945381298629
1.95,0,0.0170221997444,0,0,0,0.0170221997444,0.0170221997444,-0.0170221997444,-0.0170221997444,0,60.5178108215,0,0,0.0456927195191,62.2271766663,0,0,0,-0.0170221997444,0.945381298629
2,1,0.0170221997444,0,0,0,0.0170221997444,0.0170221997444,-0.0170221997444,-0.0170221997444,0,59.0178108215,0,0,0.0415494926274,60.8007621765,0,0,0,-0.0170221997444,0.945381298629
2.05,0,0.0170667078586,0,0,0,0.0170667078586,0.0170667078586,-0.0170667078586,-0.0170667078586,0,57.5178108215,0,0,0.0376552641392,59.375743866,0,0,0,-0.0170667078586,0.945213667158
2.1,0,0.0170897822727,0,0,0,0.0170897822727,0.0170897822727,-0.0170897822727,-0.0170897822727,0,56.0178108215,0,0,0.0339769981802,57.9520683289,0,0,0,-0.0170897822727,0.945213667158
2.15,0,0.0170897822727,0,0,0,0.0170897822727,0.0170897822727,-0.0170897822727,-0.0170897822727,0,54.5178108215,0,0,0.030493112281,56.5296821594,0,0,0,-0.0170897822727,0.945213667158
2.2,0,0.0170897822727,0,0,0,0.0170897822727,0.0170897822727,-0.0170897822727,-0.0170897822727,0,53.0178108215,0,0,0.0271931421012,55.1084289551,0,0,0,-0.0170897822727,0.945213667158
2.25,0,0.0170897822727,0,0,0,0.0170897822727,0.0170897822727,-0.0170897822727,-0.0170897822727,0,51.5178108215,0,0,0.0240546967834,53.6884078979,0,0,0,-0.0170897822727,0.945213667158
2.3,0,0.0170897822727,0,0,0,0.0170897822727,0.0170897822727,-0.0170897822727,-0.0170897822727,0,50.0178108215,0,0,0.0210658144206,52.2694740295,0,0,0,-0.0170897822727,0.945213667158
2.35,0,0.0171221529765,0,0,0,0.0171221529765,0.0171221529765,-0.0171221529765,-0.0171221529765,0,48.5178108215,0,0,0.0182167608291,50.8517074585,0,0,0,-0.0171221529765,0.945213667158
2.4,0,0.0171221529765,0,0,0,0.0171221529765,0.0171221529765,-0.0171221529765,-0.0171221529765,0,47.0178108215,0,0,0.0154943699017,49.434967041,0,0,0,-0.0171221529765,0.945213667158
2.45,0,0.0171227284961,0,0,0,0.0171227284961,0.0171227284961,-0.0171227284961,-0.0171227284961,0,45.5178146362,0,0,0.0128917116672,48.0193405151,0,0,0,-0.0171227284961,0.945213667158
2.5,1,0.0171227284961,0,0,0,0.0171227284961,0.0171227284961,-0.0171227284961,-0.0171227284961,0,44.0178146362,0,0,0.0104006147012,46.6046981812,0,0,0,-0.0171227284961,0.945213667158
2.55,0,0.0171962436607,0,0,0,0.0171962436607,0.0171962436607,-0.0171962436607,-0.0171962436607,0,42.5178146362,0,0,0.00801404751837,45.1910247803,0,0,0,-0.0171962436607,0.951531365531
2.6,0,0.0171991846601,0,0,0,0.0171991846601,0.0171991846601,-0.0171991846601,-0.0171991846601,0,41.0178146362,0,0,0.00573814613745,43.7778816223,0,0,0,-0.0171991846601,0.951531365531
2.65,0,0.0171991846601,0,0,0,0.0171991846601,0.0171991846601,-0.0171991846601,-0.0171991846601,0,39.5178146362,0,0,0.00425105309114,42.3369598389,0,0,0,-0.0171991846601,0.951531365531
2.7,0,0.0174868255432,0,0,0,0.0174868255432,0.0174868255432,-0.0174868255432,-0.0174868255432,0,38.0178146362,0,0,0.00397611130029,40.9017486572,0,0,0,-0.0174868255432,0.951531365531
2.75,0,0.0175121020211,0,0,0,0.0175121020211,0.0175121020211,-0.0175121020211,-0.0175121020211,0,36.5178108215,0,0,0.00375469541177,39.4695587158,0,0,0,-0.0175121020211,0.951531365531
2.8,0,0.0176801194347,0,0,0,0.0176801194347,0.0176801194347,-0.0176801194347,-0.0176801194347,0,35.0178108215,0,0,0.00356604927219,38.0392112732,0,0,0,-0.0176801194347,0.951531365531
2.85,0,0.017859368386,0,0,0,0.017859368386,0.017859368386,-0.017859368386,-0.017859368386,0,33.5178108215,0,0,0.00339450431056,36.6107025146,0,0,0,-0.017859368386,0.951531365531
2.9,0,0.0183471461856,0,0,0,0.0183471461856,0.0183471461856,-0.0183471461856,-0.0183471461856,0,32.0178108215,0,0,0.0032428316772,35.1832008362,0,0,0,-0.0183471461856,0.951531365531
2.95,0,0.0186578870704,0,0,0,0.0186578870704,0.0186578870704,-0.0186578870704,-0.0186578870704,0,30.5178108215,0,0,0.00310836755671,33.7571182251,0,0,0,-0.0186578870704,0.951531365531
3,1,0.0189786260772,0,0,0,0.0189786260772,0.0189786260772,-0.0189786260772,-0.0189786260772,0,29.0178108215,0,0,0.002980948193,32.33228302,0,0,0,-0.0189786260772,0.951531365531
3.05,0,0.0195395258536,0,0,0,0.0195395258536,0.0195395258536,-0.0195395258536,-0.0195395258536,0,27.5178089142,0,0,0.00285925413482,30.908613205,0,0,0,-0.0195395258536,0.965232827466
3.1,0,0.0201394365394,0,0,0,0.0201394365394,0.0201394365394,-0.0201394365394,-0.0201394365394,0,26.0178089142,0,0,0.00274806562811,29.485534668,0,0,0,-0.0201394365394,0.965232827466
3.15,0,0.0214335398235,0,0,0,0.0214335398235,0.0214335398235,-0.0214335398235,-0.0214335398235,0,24.5178089142,0,0,0.00265279994346,28.0635986328,0,0,0,-0.0214335398235,0.965232827466
3.2,0,0.0227176709119,0,0,0,0.0227176709119,0.0227176709119,-0.0227176709119,-0.0227176709119,0,23.0178089142,0,0,0.0025625389535,26.6427059174,0,0,0,-0.0227176709119,0.965232827466
3.25,0,0.0238224646745,0,0,0,0.0238224646745,0.0238224646745,-0.0238224646745,-0.0238224646745,0,21.5178050995,0,0,0.00247620465234,25.2228050232,0,0,0,-0.0238224646745,0.965232827466
3.3,0,0.0267253051844,0,0,0,0.0267253051844,0.0267253051844,-0.0267253051844,-0.0267253051844,0,20.0178050995,0,0,0.00239324546419,23.8038654327,0,0,0,-0.0267253051844,0.965232827466
3.35,0,0.0290069855257,0,0,0,0.0290069855257,0.0290069855257,-0.0290069855257,-0.0290069855257,0,18.5178031921,0,0,0.00231329910457,22.3858585358,0,0,0,-0.0290069855257,0.965232827466
3.4,0,0.0318458447015,0,0,0,0.0318458447015,0.0318458447015,-0.0318458447015,-0.0318458447015,0,17.0178031921,0,0,0.00223609502427,20.9687595367,0,0,0,-0.0318458447015,0.965232827466
3.45,0,0.0350702750864,0,0,0,0.0350702750864,0.0350702750864,-0.0350702750864,-0.0350702750864,0,15.5178003311,0,0,0.00216141552664,19.5525512695,0,0,0,-0.0350702750864,0.965232827466
3.5,1,0.0383101949498,0,0,0,0.0383101949498,0.0383101949498,-0.0383101949498,-0.0383101949498,0,14.0177974701,0,0,0.0020890799351,18.1372146606,0,0,0,-0.0383101949498,0.965232827466
3.55,0,0.042715596537,0,0,0,0.042715596537,0.042715596537,-0.042715596537,-0.042715596537,0,12.5177946091,0,0,0.00202496745624,16.722234726,0,0,0,-0.042715596537,0.974408230338
3.6,0,0.0476222627796,0,0,0,0.0476222627796,0.0476222627796,-0.0476222627796,-0.0476222627796,0,11.0177927017,0,0,0.00196985015646,15.3081951141,0,0,0,-0.0476222627796,0.974408230338
3.65,0,0.0533061759507,0,0,0,0.0533061759507,0.0533061759507,-0.0533061759507,-0.0533061759507,0,9.51779460907,0,0,0.00191745208576,13.8950252533,0,0,0,-0.0533061759507,0.974408230338
3.7,0,0.0588283140695,0,0,0,0.0588283140695,0.0588283140695,-0.0588283140695,-0.0588283140695,0,8.01779460907,0,0,0.00186715100426,12.4826898575,0,0,0,-0.0588283140695,0.974408230338
3.75,0,0.0660102239119,0,0,0,0.0660102239119,0.0660102239119,-0.0660102239119,-0.0660102239119,0,6.51779460907,0,0,0.0018186441157,11.0711736679,0,0,0,-0.0660102239119,0.974408230338
3.8,0,0.0731862096432,0,0,0,0.0731862096432,0.0731862096432,-0.0731862096432,-0.0731862096432,0,5.01779651642,0,0,0.00177173339762,9.66045379639,0,0,0,-0.0731862096432,0.974408230338
3.85,0,0.080098819853,0,0,0,0.080098819853,0.080098819853,-0.080098819853,-0.080098819853,0,3.51779794693,0,0,0.00172627251595,8.25052165985,0,0,0,-0.080098819853,0.974408230338
3.9,0,0.0883298200571,0,0,0,0.0883298200571,0.0883298200571,-0.0883298200571,-0.0883298200571,0,2.01779937744,0,0,0.00168214610312,6.84136819839,0,0,0,-0.0883298200571,0.974408230338
3.95,0,0.0965293530656,0,0,0,0.0965293530656,0.0965293530656,-0.0965293530656,-0.0965293530656,0,0.517799377441,0,0,0.00163925986271,5.4329829216,0,0,0,-0.0965293530656,0.974408230338
4,1,0.104012109602,0.0190830230713,0.0125060435385,0,0.0915060660631,0.0915060660631,-0.0915060660631,-0.0849290865303,0,0,0.982200682163,0.0192675031722,0.00159753253683,4.66883611679,0.643478155136,0.0126228965819,0,-0.104012109602,0.974408230338
4.05,0,0.113378241101,0.0475260838866,0.0332166664302,0,0.0801615746704,0.0801615746704,-0.0801615746704,-0.065852157214,0,0,2.48220062256,0.0486924909055,0.00155689567327,4.35190486908,1.73342072964,0.0340039394796,0.0131985485554,-0.100179692545,0.964763797258
4.1,0,0.1227443726,0.0751442685723,0.0543008334935,0,0.0684435391062,0.0684435391062,-0.0684435391062,-0.0476001040274,0,0,3.98220276833,0.0781175494194,0.00151728698984,4.086165905,2.87381291389,0.0563746280968,0.0263970971107,-0.096347275489,0.964763797258
4.15,0,0.132110504099,0.101961635053,0.0754435658455,0,0.0566669382533,0.0566669382533,-0.0566669382533,-0.0301488690456,0,0,5.48220443726,0.107542514801,0.00147865246981,3.8557715416,4.0488152504,0.0794242620468,0.0395956456661,-0.0925148584327,0.964763797258
4.2,0,0.14144474533,0.128001376987,0.096260741353,0,0.0451840039768,0.0451840039768,-0.0451840039768,-0.0134433683433,0,0,6.98220586777,0.136967539787,0.00144094240386,3.64095926285,5.23867273331,0.10276530683,0.0527941942215,-0.0886505511084,0.964763797258
4.25,0,0.150042467081,0.153286114335,0.117012038827,0,0.0330304282537,0.0330304282537,-0.0330304282537,0.00324364725441,0,0,8.48220539093,0.166392445564,0.00140411267057,3.45470786095,6.45637083054,0.126652479172,0.0659927427769,-0.0840497243038,0.964763797258
4.3,0,0.160053689386,0.177837744355,0.137314409018,0,0.0227392803683,0.0227392803683,-0.0227392803683,0.0177840549694,0,0,9.98220729828,0.195817530155,0.00136812240817,3.27697515488,7.68187570572,0.150692805648,0.0791912913322,-0.0808623980536,0.964763797258
4.35,0,0.16990484378,0.20167735219,0.157228991389,0,0.0126758523906,0.0126758523906,-0.0126758523906,0.0317725084102,0,0,11.4822072983,0.225242599845,0.00133293378167,3.11035251617,8.91778564453,0.174937218428,0.0923898398876,-0.0775150038922,0.964763797258
4.4,0,0.179630871429,0.224825829268,0.176944196224,0,0.00268667520472,0.00268667520472,-0.00268667520472,0.0451949578386,0,0,12.9822025299,0.254667371511,0.00129851233214,2.96401834488,10.1732845306,0.199565932155,0.105588388443,-0.0740424829859,0.964763797258
4.45,0,0.189733866975,0.247302994132,0.196216747165,0,0,-0.0064828801902,0.0064828801902,0.0575691271575,0,0,14.4822025299,0.284092605114,0.00126482616179,2.8248925209,11.4352998734,0.224322453141,0.118786936998,-0.0709469299762,0.964763797258
4.5,1,0.201658467438,0.269128501415,0.215030863881,0,0,-0.0133723964436,0.0133723964436,0.0674700339777,0,0,15.9822006226,0.313517540693,0.00123184500262,2.69158649445,12.7024497986,0.249179691076,0.131985485554,-0.0696729818838,0.964763797258
4.55,0,0.213583067901,0.290321052074,0.233385935426,0,0,-0.0198028675252,0.0198028675252,0.0767379841739,0,0,17.4821968079,0.342942327261,0.0011995411478,2.5634894371,13.9741268158,0.274125784636,0.147417676449,-0.0661653914517,0.503807120586
4.6,0,0.225485334301,0.310898840427,0.251391381025,0,0,-0.025906046724,0.025906046724,0.0854135061261,0,0,18.9821949005,0.372367680073,0.00117089878768,2.44512081146,15.2553606033,0.299259334803,0.162849867344,-0.0626354669574,0.503807120586
4.65,0,0.236919402246,0.330880224705,0.269109457731,0,0,-0.0321900554848,0.0321900554848,0.0939608224583,0,0,20.4821949005,0.401792526245,0.00114842096809,2.33965945244,16.548740387,0.324631094933,0.178282058239,-0.0586373440075,0.503807120586
4.7,0,0.249875403271,0.350282609463,0.286413431168,0,0,-0.0365380278964,0.0365380278964,0.100407206192,0,0,21.9821949005,0.431217372417,0.00112725212239,2.23985147476,17.8470783234,0.350100159645,0.193714249134,-0.0561611541371,0.503807120586
4.75,0,0.260344976582,0.369121611118,0.30329862237,0,0,-0.0429536457878,0.0429536457878,0.108776634536,0,0,23.4821910858,0.460642397404,0.00110701844096,2.14483809471,19.1495513916,0.375650286674,0.209146440029,-0.0511985365528,0.503807120586
4.8,0,0.272096036701,0.387414902449,0.319765388966,0,0,-0.0476693522643,0.0476693522643,0.115318865747,0,0,24.9821910858,0.490067243576,0.00108752097003,2.05403852463,20.4556026459,0.40127068758,0.224578630924,-0.0475174057771,0.503807120586
4.85,0,0.285230224887,0.405177861452,0.33581662178,0,0,-0.0505863968937,0.0505863968937,0.119947636565,0,0,26.4821910858,0.519492566586,0.00106864038389,1.96701443195,21.7648220062,0.426953196526,0.240010821819,-0.0452194030674,0.503807120586
4.9,0,0.296977585939,0.422425180674,0.351459234953,0,0,-0.0544816490139,0.0544816490139,0.125447594735,0,0,27.9821910858,0.548917651176,0.00105029682163,1.88354039192,23.0770187378,0.452694088221,0.255443012714,-0.0415345732247,0.503807120586
4.95,0,0.308402455918,0.439172804356,0.366698294878,0,0,-0.0582958389601,0.0582958389601,0.130770348438,0,0,29.4821891785,0.578342497349,0.00103243347257,1.80329835415,24.3919048309,0.478487879038,0.270875203609,-0.0375272523084,0.503807120586
5,1,0.323485803953,0.455434799194,0.381541073322,0,0,-0.0580552693694,0.0580552693694,0.131948995241,0,0,30.9821891785,0.607767283916,0.00101500726305,1.72608685493,25.7093334198,0.504331469536,0.286307394505,-0.0371784094483,0.503807120586
5.05,0,0.336867338511,0.471225172281,0.396109342575,0,0,-0.0592420040637,0.0592420040637,0.13435783377,0,0,32.4821891785,0.637192308903,0.0009979843162,1.65757191181,27.0350131989,0.530336916447,0.300613102317,-0.0362542361945,0.734496844281
5.1,0,0.348281823951,0.486557602882,0.410371273756,0,0,-0.0620894498046,0.0620894498046,0.138275778931,0,0,33.9821891785,0.666617870331,0.000981336808763,1.59540593624,28.3666362762,0.556458890438,0.314918810129,-0.0333630138223,0.734496844281
5.15,0,0.361208104093,0.501445770264,0.424285918474,0,0,-0.0630778143813,0.0630778143813,0.140237666171,0,0,35.4821891785,0.696042954922,0.000965041865129,1.5368219614,29.7014884949,0.582644283772,0.329224517941,-0.0319835861514,0.734496844281
5.2,0,0.374112126109,0.515901684761,0.437855452299,0,0,-0.0637433261901,0.0637433261901,0.141789558652,0,0,36.9821853638,0.72546762228,0.000949079520069,1.48137581348,31.0391674042,0.608885109425,0.343530225754,-0.0305819003553,0.734496844281
5.25,0,0.385989030929,0.529939055443,0.451084375381,0,0,-0.0650953444526,0.0650953444526,0.143950024514,0,0,38.4821853638,0.754892528057,0.000933432485908,1.42873477936,32.3793830872,0.635175764561,0.357835933566,-0.0281530973628,0.734496844281
5.3,0,0.399358140284,0.543569087982,0.463979065418,0,0,-0.064620925134,0.064620925134,0.144210947698,0,0,39.9821853638,0.784317374229,0.000918085628655,1.37868452072,33.7219848633,0.661513030529,0.372141641378,-0.0272164989058,0.734496844281
5.35,0,0.414509516356,0.556804060936,0.476543217897,0,0,-0.0620337015418,0.0620337015418,0.14229454458,0,0,41.4821853638,0.813743054867,0.000903025269508,1.33087646961,35.0666809082,0.687891483307,0.386447349191,-0.0280621671649,0.734496844281
5.4,0,0.425840037917,0.569654643536,0.488784998655,0,0,-0.0629449607381,0.0629449607381,0.143814605618,0,0,42.9821853638,0.843167603016,0.000888239126652,1.28521108627,36.4134178162,0.714310050011,0.400753057003,-0.0250869809142,0.734496844281
5.45,0,0.435839411963,0.582133591175,0.500709176064,0,0,-0.064869764101,0.064869764101,0.146294179213,0,0,44.4821853638,0.872592806816,0.000873716082424,1.24143099785,37.7620010376,0.740764796734,0.415058764815,-0.0207806471472,0.734496844281
5.5,1,0.445877427968,0.594249725342,0.512321829796,0,0,-0.0664444018274,0.0664444018274,0.148372297373,0,0,45.9821853638,0.902018070221,0.000859445717651,1.19936752319,39.1123046875,0.767253160477,0.429364472628,-0.0165129553408,0.734496844281
5.55,0,0.459112537718,0.606014847755,0.523629963398,0,0,-0.0645174256798,0.0645174256798,0.146902310037,0,0,47.4821891785,0.931442558765,0.000845419010147,1.15890586376,40.4642486572,0.793773889542,0.441824176908,-0.0172883608107,0.948507760852
5.6,0,0.471648788769,0.61743927002,0.534641563892,0,0,-0.0629927751235,0.0629927751235,0.145790481251,0,0,48.9821891785,0.960867702961,0.000831626821309,1.12000763416,41.8178329468,0.820326864719,0.454283881187,-0.0173649075814,0.948507760852
5.65,0,0.48547793083,0.628532290459,0.545362055302,0,0,-0.059884124472,0.059884124472,0.143054359629,0,0,50.4821891785,0.990292727947,0.000818061060272,1.08251011372,43.1729316711,0.846909463406,0.466743585467,-0.0187343453623,0.948507760852
5.7,0,0.500798522332,0.639303207397,0.555798470974,0,0,-0.0549999486424,0.0549999486424,0.138504685066,0,0,51.9821891785,1.01971805096,0.000804714334663,1.0463476181,44.5295066833,0.873520851135,0.479203289747,-0.0215952325843,0.948507760852
5.75,0,0.514417633503,0.649761736393,0.565956711769,0,0,-0.0515390782657,0.0515390782657,0.13534410289,0,0,53.4821891785,1.04914236069,0.000791579368524,1.01140654087,45.887462616,0.900159478188,0.491662994027,-0.0227546394763,0.948507760852
5.8,0,0.526370904734,0.659917831421,0.575842916965,0,0,-0.0494720122318,0.0494720122318,0.133546926687,0,0,54.9821891785,1.07856762409,0.000778649409767,0.977607905865,47.2467422485,0.926824092865,0.504122698307,-0.0222482064266,0.948507760852
5.85,0,0.537552119504,0.669778943062,0.585463345051,0,0,-0.0479112255471,0.0479112255471,0.132226823558,0,0,56.4821891785,1.10799312592,0.000765917997342,0.94488376379,48.60729599,0.953513741493,0.516582402587,-0.0209697169168,0.948507760852
5.9,0,0.553416499914,0.679353833199,0.59482562542,0,0,-0.0414091255052,0.0414091255052,0.125937333284,0,0,57.9821891785,1.13741791248,0.000753379310481,0.913237810135,49.9691505432,0.980228722095,0.529042106867,-0.0243743930476,0.948507760852
5.95,0,0.565801763958,0.688651919365,0.603956282139,0,0,-0.0381545181812,0.0381545181812,0.122850155407,0,0,59.4821891785,1.16684341431,0.000741027644835,0.883667647839,51.3333129883,1.00698900223,0.541501811147,-0.0242999528109,0.948507760852
6,1,0.57818111636,0.697679579258,0.612908899784,0,0,-0.0347277834244,0.0347277834244,0.119498462898,0,0,60.9821891785,1.19626736641,0.000728857645299,0.858472943306,52.7020874023,1.03383994102,0.553961515427,-0.0242196009331,0.948507760852
6.05,0,0.590556113208,0.706445753574,0.621641874313,0,0,-0.031085761105,0.031085761105,0.115889640366,0,0,62.4821891785,1.22569286823,0.000716864131391,0.834973335266,54.0728111267,1.06072902679,0.563881015778,-0.0266750974308,0.981173188728
6.1,0,0.60842904918,0.714958071709,0.630156755447,0,0,-0.0217277062678,0.0217277062678,0.106529022529,0,0,63.9821891785,1.25511837006,0.000705042271875,0.812875747681,55.4452056885,1.08765101433,0.573800516129,-0.0346285330511,0.981173188728
6.15,0,0.619648212582,0.723222732544,0.638457298279,0,0,-0.0188090856971,0.0188090856971,0.103574519962,0,0,65.4821929932,1.28454232216,0.00069338735193,0.791982591152,56.8191184998,1.11460256577,0.583720016479,-0.0359281961023,0.981173188728
6.2,0,0.63419533998,0.731248617172,0.646547734737,0,0,-0.0123523947573,0.0123523947573,0.0970532771921,0,0,66.9821929932,1.31396830082,0.000681894831359,0.772144138813,58.1944389343,1.14158177376,0.59363951683,-0.0405558231497,0.981173188728
6.25,0,0.648325048476,0.739040970802,0.654432594776,0,0,-0.00610754630014,0.00610754630014,0.0907159223263,0,0,68.4821929932,1.34339237213,0.000670560577419,0.753232419491,59.5710639954,1.16858685017,0.603559017181,-0.0447660312946,0.981173188728
6.3,0,0.661503651255,0.746608436108,0.662116110325,0,0,-0.000612459070067,0.000612459070067,0.0851047848528,0,0,69.9821929932,1.37281811237,0.000659380573779,0.735139071941,60.9489212036,1.19561564922,0.613478517532,-0.0480251337224,0.981173188728
6.35,0,0.674667532753,0.753955721855,0.669603526592,0,0.00506400616057,0.00506400616057,-0.00506400616057,0.0792881891023,0,0,71.4821929932,1.40224373341,0.00064835062949,0.717812120914,62.3279647827,1.22266805172,0.623398017883,-0.0512695148695,0.981173188728
6.4,0,0.687478103512,0.761089682579,0.676899015903,0,0.0105790876084,0.0105790876084,-0.0105790876084,0.0736115790672,0,0,72.9821929932,1.4316675663,0.000637467310298,0.701153755188,63.7081108093,1.24974226952,0.633317518234,-0.0541605852776,0.981173188728
6.45,0,0.700920401626,0.768017172813,0.684008002281,0,0.0169123993446,0.0169123993446,-0.0169123993446,0.0670967711876,0,0,74.4821929932,1.46109378338,0.000626726774499,0.685157060623,65.0893630981,1.27683794498,0.643237018585,-0.0576833830406,0.981173188728
6.5,1,0.712041010558,0.774744212627,0.69093477726,0,0.0211062332982,0.0211062332982,-0.0211062332982,0.0627032020694,0,0,75.9821929932,1.49051737785,0.000616125704255,0.66976505518,66.4716796875,1.30395448208,0.653156518936,-0.0588844916219,0.981173188728
6.55,0,0.72206402982,0.781275331974,0.697683751583,0,0.0243802782373,0.0243802782373,-0.0243802782373,0.0592113021537,0,0,77.4821929932,1.5199431181,0.000605660723522,0.654932141304,67.8550033569,1.33109080791,0.66096803546,-0.0610959943608,0.983836540434
6.6,0,0.732380476115,0.787618160248,0.704258739948,0,0.0281217361665,0.0281217361665,-0.0281217361665,0.0552376841331,0,0,78.9821929932,1.54936873913,0.000595328572672,0.640597403049,69.2392730713,1.3582457304,0.668779551983,-0.0636009241319,0.983836540434
6.65,0,0.751421388733,0.793776035309,0.71066403389,0,0.040757354843,0.040757354843,-0.040757354843,0.0423546465761,0,0,80.4821929932,1.57879304886,0.000585126224905,0.626722931862,70.6244506836,1.38541853428,0.676591068506,-0.0748303202265,0.983836540434
6.7,0,0.763772237349,0.799755573273,0.71690350771,0,0.0468687296394,0.0468687296394,-0.0468687296394,0.0359833359238,0,0,81.9821929932,1.60821855068,0.000575050711632,0.613276064396,72.0105056763,1.4126085043,0.68440258503,-0.0793696523193,0.983836540434
6.75,0,0.768837083433,0.805562317371,0.722981274128,0,0.0458558093046,0.0458558093046,-0.0458558093046,0.0367252339388,0,0,83.4821929932,1.63764286041,0.000565099180676,0.600236952305,73.3974151611,1.43981528282,0.692214101553,-0.0766229818796,0.983836540434
6.8,0,0.780528369418,0.811200559139,0.728901863098,0,0.0516265063202,0.0516265063202,-0.0516265063202,0.0306721897209,0,0,84.9821929932,1.66706824303,0.000555268663447,0.587596178055,74.7851715088,1.46703875065,0.700025618076,-0.080502751342,0.983836540434
6.85,0,0.792160784691,0.816674828529,0.734669148922,0,0.0574916357694,0.0574916357694,-0.0574916357694,0.024514043838,0,0,86.4821929932,1.6964943409,0.000545556715224,0.575336456299,76.1737442017,1.4942779541,0.7078371346,-0.0843236500917,0.983836540434
6.9,0,0.800908535031,0.821990787983,0.74028635025,0,0.0606221847813,0.0606221847813,-0.0606221847813,0.0210822529514,0,0,87.9821929932,1.72591841221,0.000535960658453,0.56341958046,77.5631027222,1.52153289318,0.715648651123,-0.0852598839085,0.983836540434
6.95,0,0.809656285372,0.827152073383,0.745757341385,0,0.0638989439867,0.0638989439867,-0.0638989439867,0.0174957880117,0,0,89.4821929932,1.75534379482,0.000526477990206,0.55182415247,78.9532165527,1.54880237579,0.723460167646,-0.0861961177252,0.983836540434
7,1,0.818368173338,0.832164227962,0.751085460186,0,0.0672827131523,0.0672827131523,-0.0672827131523,0.0137960546242,0,0,90.9821929932,1.78476774693,0.000517106207553,0.54053157568,80.3440551758,1.57608628273,0.73127168417,-0.0870964891685,0.983836540434
7.05,0,0.826219364342,0.83703070879,0.756274461746,0,0.0699449025954,0.0699449025954,-0.0699449025954,0.0108113444482,0,0,92.4821929932,1.81419372559,0.000507843156811,0.529527664185,81.7356109619,1.60338425636,0.737517821789,-0.0887015425528,0.982180935971
7.1,0,0.834070555345,0.841756284237,0.761327624321,0,0.072742931024,0.072742931024,-0.072742931024,0.00768572889191,0,0,93.9822006226,1.84361946583,0.000498686393257,0.518801093102,83.1278686523,1.63069593906,0.743763959408,-0.0903065959372,0.982180935971
7.15,0,0.841391103507,0.846344470978,0.76624828577,0,0.0751428177365,0.0751428177365,-0.0751428177365,0.00495336747083,0,0,95.4822006226,1.87304389477,0.000489633821417,0.508334219456,84.5207901001,1.65802049637,0.750010097027,-0.0913810064801,0.982180935971
7.2,0,0.851998189491,0.85079985857,0.771039843559,0,0.0809583459322,0.0809583459322,-0.0809583459322,-0.00119833092135,0,0,96.9822006226,1.90246844292,0.000480683287606,0.498113721609,85.9143753052,1.68535852432,0.756256234646,-0.0957419548456,0.982180935971
7.25,0,0.86256232595,0.855125904083,0.77570515871,0,0.08685716724,0.08685716724,-0.08685716724,-0.00743642186722,0,0,98.4822006226,1.93189275265,0.000471832667245,0.488127946854,87.30859375,1.71270871162,0.762502372265,-0.100059953686,0.982180935971
7.3,0,0.871952733807,0.859326899052,0.780247867107,0,0.0917048666999,0.0917048666999,-0.0917048666999,-0.0126258347556,0,0,99.9822006226,1.96131873131,0.000463080010377,0.478377640247,88.7034683228,1.74007153511,0.768748509884,-0.103204223923,0.982180935971
7.35,0,0.877912581868,0.863406598568,0.784671127796,0,0.0932414540721,0.0932414540721,-0.0932414540721,-0.0145059833003,0,0,101.482200623,1.99074482918,0.000454423367046,0.468876421452,90.0989608765,1.76744687557,0.774994647503,-0.102917934365,0.982180935971
7.4,0,0.883738388432,0.867366850376,0.788977921009,0,0.0947604674227,0.0947604674227,-0.0947604674227,-0.0163715380556,0,0,102.982223511,2.02016949654,0.000445860845502,0.459595769644,91.4950866699,1.79483437538,0.781240785122,-0.10249760331,0.982180935971
7.45,0,0.886347199053,0.871212482452,0.79317098856,0,0.0931762104935,0.0931762104935,-0.0931762104935,-0.0151347166008,0,0,104.482223511,2.04959321022,0.000437390699517,0.450520664454,92.891784668,1.82223343849,0.787486922741,-0.0988602763123,0.982180935971
7.5,1,0.889069200597,0.874946713448,0.797253131866,0,0.0918160687302,0.0918160687302,-0.0918160687302,-0.0141224871491,0,0,105.982223511,2.07901787758,0.000429010979133,0.441654294729,94.2890930176,1.84964394569,0.79373306036,-0.0953361402367,0.982180935971
7.55,0,0.894507784265,0.878573179245,0.801227331161,0,0.0932804531039,0.0932804531039,-0.0932804531039,-0.0159346050204,0,0,107.482223511,2.10844397545,0.000420720141847,0.432979464531,95.6869659424,1.8770660162,0.798714101315,-0.0957936829508,0.978872592729
7.6,0,0.899946367934,0.882093906403,0.805096209049,0,0.0948501588849,0.0948501588849,-0.0948501588849,-0.0178524615315,0,0,108.982223511,2.13786864281,0.000412516383221,0.424490272999,97.085395813,1.90449893475,0.803695142269,-0.096251225665,0.978872592729
7.65,0,0.905374326027,0.885513186455,0.808862268925,0,0.0965120571022,0.0965120571022,-0.0965120571022,-0.0198611395721,0,0,110.482223511,2.16729211807,0.000404398102546,0.416180968285,98.484375,1.93194270134,0.808676183224,-0.0966981428032,0.978872592729
7.7,0,0.910281630899,0.888832330704,0.812528192997,0,0.0977534379016,0.0977534379016,-0.0977534379016,-0.0214493001948,0,0,111.982223511,2.19671702385,0.000397392839659,0.407542854548,99.883895874,1.95939671993,0.813657224178,-0.0966244067202,0.978872592729
7.75,0,0.915188771711,0.892055630684,0.816096246243,0,0.0990925254682,0.0990925254682,-0.0990925254682,-0.0231331410268,0,0,113.482223511,2.22614312172,0.00039386737626,0.399165481329,101.283935547,1.98686099052,0.818638265133,-0.0965505065778,0.978872592729
7.8,0,0.920087873608,0.895186126232,0.81956911087,0,0.100518762738,0.100518762738,-0.100518762738,-0.024901747376,0,0,114.982246399,2.25556874275,0.000390836008592,0.390999734402,102.684501648,2.01433563232,0.823619306087,-0.0964685675206,0.978872592729
7.85,0,0.924986975506,0.898225188255,0.822949111462,0,0.102037864044,0.102037864044,-0.102037864044,-0.0267617872502,0,0,116.482246399,2.28499341011,0.000388015992939,0.383021712303,104.085548401,2.04182004929,0.828600347042,-0.0963866284635,0.978872592729
7.9,0,0.929880944772,0.901176393032,0.826238393784,0,0.103642550988,0.103642550988,-0.103642550988,-0.0287045517399,0,0,117.982246399,2.31441712379,0.000385322724469,0.375212341547,105.487106323,2.06931424141,0.833581387997,-0.0962995567753,0.978872592729
7.95,0,0.934651730895,0.904041528702,0.829439520836,0,0.10521221006,0.10521221006,-0.10521221006,-0.0306102021936,0,0,119.482246399,2.34384179115,0.000382718979381,0.367560446262,106.889144897,2.09681773186,0.838562428951,-0.0960893019441,0.978872592729
8,1,0.939103125959,0.906824588776,0.83255469799,0,0.106548427968,0.106548427968,-0.106548427968,-0.0322785371829,0,0,120.982246399,2.37326812744,0.000380184908863,0.360061854124,108.291664124,2.12433075905,0.843543469906,-0.0955596560527,0.978872592729
8.05,0,0.94008257235,0.909526467323,0.83558601141,0,0.10449656094,0.10449656094,-0.10449656094,-0.0305561050266,0,0,122.482246399,2.40269303322,0.000377708260203,0.352708429098,109.694641113,2.15185332298,0.847401499748,-0.0926810726017,0.973997895649
8.1,0,0.941062018741,0.912148952484,0.838535547256,0,0.102526471485,0.102526471485,-0.102526471485,-0.0289130662572,0,0,123.982246399,2.43211603165,0.000375281029847,0.345492839813,111.098075867,2.17938423157,0.851259529591,-0.0898024891507,0.973997895649
8.15,0,0.942081170043,0.914696216583,0.841405391693,0,0.100675778349,0.100675778349,-0.100675778349,-0.0273849534593,0,0,125.482246399,2.46154069901,0.000372897455236,0.338413834572,112.501991272,2.20692443848,0.855117559433,-0.0869636106096,0.973997895649
8.2,0,0.945804685673,0.917170345783,0.844198226929,0,0.101606458744,0.101606458744,-0.101606458744,-0.0286343398897,0,0,126.982246399,2.49096703529,0.000370553374523,0.33148765564,113.906341553,2.23447394371,0.858975589275,-0.0868290963975,0.973997895649
8.25,0,0.949287079511,0.91957205534,0.846915662289,0,0.102371417222,0.102371417222,-0.102371417222,-0.0297150241712,0,0,128.482269287,2.52039289474,0.000368245498976,0.324702262878,115.311164856,2.26203250885,0.862833619118,-0.0864534603933,0.973997895649
8.3,0,0.949287079511,0.921904206276,0.849559783936,0,0.0997272955755,0.0997272955755,-0.0997272955755,-0.0273828732351,0,0,129.982269287,2.54981780052,0.000365971209249,0.318047225475,116.716423035,2.28959941864,0.86669164896,-0.0825954305509,0.973997895649
8.35,0,0.949591448403,0.924167990685,0.852132380009,0,0.097459068394,0.097459068394,-0.097459068394,-0.0254234577182,0,0,131.482269287,2.57924079895,0.000363728380762,0.311519235373,118.122131348,2.3171749115,0.870549678802,-0.0790417696002,0.973997895649
8.4,0,0.95483944754,0.926367461681,0.854635119438,0,0.100204328102,0.100204328102,-0.100204328102,-0.0284719858586,0,0,132.982269287,2.60866594315,0.000361515267286,0.305113613605,119.528251648,2.34475898743,0.874407708645,-0.0804317388951,0.973997895649
8.45,0,0.955308227097,0.928502440453,0.857070088387,0,0.0982381387101,0.0982381387101,-0.0982381387101,-0.026805786644,0,0,134.482269287,2.63809204102,0.00035933041363,0.298826217651,120.934791565,2.37235116959,0.878265738487,-0.0770424886094,0.973997895649
8.5,1,0.961682335511,0.93057602644,0.859438836575,0,0.102243498937,0.102243498937,-0.102243498937,-0.0311063090717,0,0,135.982269287,2.66751813889,0.000357172393706,0.292653232813,122.341758728,2.39995121956,0.88212376833,-0.0795585671818,0.973997895649
8.55,0,0.964318904861,0.932589054108,0.861743330956,0,0.102575573905,0.102575573905,-0.102575573905,-0.031729850753,0,0,137.482269287,2.6969435215,0.000355040217983,0.286593943834,123.74912262,2.42755961418,0.88503292799,-0.0792859768707,0.96930094821
8.6,0,0.965703933035,0.934543609619,0.863985300064,0,0.101718632971,0.101718632971,-0.101718632971,-0.0311603234158,0,0,138.982269287,2.72636556625,0.000352932867827,0.280651718378,125.156898499,2.45517611504,0.88794208765,-0.0777618453847,0.96930094821
8.65,0,0.966482828132,0.936441004276,0.866187572479,0,0.100295255653,0.100295255653,-0.100295255653,-0.0300418238558,0,0,140.482269287,2.75579094887,0.000350849353708,0.275907665491,126.566169739,2.48282170296,0.890851247311,-0.0756315808214,0.96930094821
8.7,0,0.967533981957,0.938284397125,0.86834269762,0,0.0991912843362,0.0991912843362,-0.0991912843362,-0.0292495848314,0,0,141.982269287,2.78521704674,0.000348788918927,0.27173820138,127.976303101,2.51048469543,0.893760406971,-0.0737735749857,0.96930094821
8.75,0,0.967873836102,0.940073788166,0.870448112488,0,0.0974257236138,0.0974257236138,-0.0974257236138,-0.0278000479356,0,0,143.482269287,2.81464242935,0.000346750864992,0.267863899469,129.387069702,2.53815984726,0.896669566631,-0.0712042694703,0.96930094821
8.8,0,0.970562458653,0.941811025143,0.872504591942,0,0.0980578667115,0.0980578667115,-0.0980578667115,-0.0287514335107,0,0,144.982269287,2.84406471252,0.000344734435203,0.264210283756,130.79838562,2.56584572792,0.899578726292,-0.0709837323617,0.96930094821
8.85,0,0.970562458653,0.943499147892,0.874513208866,0,0.0960492497872,0.0960492497872,-0.0960492497872,-0.0270633107613,0,0,146.482284546,2.87348985672,0.00034273910569,0.260729759932,132.210266113,2.59354281425,0.902487885952,-0.0680745727013,0.96930094821
8.9,0,0.970562458653,0.945136964321,0.876474916935,0,0.0940875417184,0.0940875417184,-0.0940875417184,-0.0254254943322,0,0,147.982284546,2.90291595459,0.000340764236171,0.257394224405,133.622650146,2.62124943733,0.905397045612,-0.065165413041,0.96930094821
8.95,0,0.970650579523,0.946727871895,0.878390908241,0,0.0922596712816,0.0922596712816,-0.0922596712816,-0.023922707628,0,0,149.482284546,2.93234181404,0.000338809302775,0.254183977842,135.035522461,2.64896559715,0.908306205273,-0.0623443742502,0.96930094821
9,1,0.976420702918,0.948272585869,0.880262553692,0,0.0961581492258,0.0961581492258,-0.0961581492258,-0.0281481170489,0,0,150.982284546,2.96176743507,0.000336873868946,0.251085430384,136.448852539,2.67669129372,0.911215364933,-0.0652053379847,0.96930094821
9.05,0,0.979992391363,0.949772119522,0.882090330124,0,0.0979020612389,0.0979020612389,-0.0979020612389,-0.0302202718407,0,0,152.482284546,2.99119019508,0.00033495738171,0.248078763485,137.862640381,2.70442557335,0.913405072689,-0.0665873186738,0.965287862809
9.1,0,0.980498517965,0.95122897625,0.883875906467,0,0.0966226114975,0.0966226114975,-0.0966226114975,-0.0292695417152,0,0,153.982284546,3.02061462402,0.000333059433615,0.245168060064,139.276870728,2.73216867447,0.915594780445,-0.0649037375198,0.965287862809
9.15,0,0.980498517965,0.952643156052,0.885620415211,0,0.0948781027542,0.0948781027542,-0.0948781027542,-0.0278553619133,0,0,155.482284546,3.05004024506,0.000331179529894,0.242339789867,140.691513062,2.75992012024,0.917784488201,-0.0627140297638,0.965287862809
9.2,0,0.980498517965,0.954016327858,0.887324571609,0,0.0931739463554,0.0931739463554,-0.0931739463554,-0.0264821901069,0,0,156.982284546,3.07946634293,0.000329317437718,0.239582970738,142.106582642,2.78767991066,0.919974195957,-0.0605243220077,0.965287862809
9.25,0,0.980498517965,0.95534914732,0.888989567757,0,0.0915089502082,0.0915089502082,-0.0915089502082,-0.0251493706451,0,0,158.482284546,3.10888814926,0.000327472633217,0.236891239882,143.52204895,2.81544709206,0.922163903713,-0.0583346142517,0.965287862809
9.3,0,0.980498517965,0.956644535065,0.89061665535,0,0.0898818626152,0.0898818626152,-0.0898818626152,-0.0238539829002,0,0,159.982284546,3.13831424713,0.000325644825352,0.234273716807,144.937911987,2.84322214127,0.924353611469,-0.0561449064956,0.965287862809
9.35,0,0.980498517965,0.957901060581,0.892206728458,0,0.0882917895065,0.0882917895065,-0.0882917895065,-0.0225974573837,0,0,161.482284546,3.167740345,0.000323833635775,0.231723099947,146.354156494,2.87100505829,0.926543319225,-0.0539551987396,0.965287862809
9.4,0,0.982047192598,0.959121704102,0.893760859966,6.83438905469e-09,0.0882863326321,0.0882863326321,-0.0882863326321,-0.0229254884969,0,0,162.982284546,3.19716572762,0.000322038744343,0.229228943586,147.770797729,2.89879488945,0.928733026981,-0.0533141656171,0.965287862809
9.45,0,0.984669672612,0.960307717323,0.895279705524,2.40722162204e-08,0.0893899670879,0.0893899670879,-0.0893899670879,-0.0243619552891,0,0,164.482284546,3.22659111023,0.000320259889122,0.226786851883,149.187805176,2.92659258842,0.930922734737,-0.053746937875,0.965287862809
9.5,1,0.992908875634,0.961458802223,0.896764338017,4.75405634859e-08,0.0961445376174,0.0961445376174,-0.0961445376174,-0.0314500734107,0,0,165.982284546,3.25601363182,0.000318496720865,0.224393501878,150.605148315,2.95439743996,0.933112442493,-0.0597964331405,0.965287862809
9.55,0,0.992908875634,0.962575376034,0.898215651512,7.69623582642e-08,0.0946932241218,0.0946932241218,-0.0946932241218,-0.0303334996002,0,0,167.482284546,3.28544020653,0.000316748919431,0.222050830722,152.022842407,2.98220849037,0.934760296345,-0.0581485792892,0.961309588816
9.6,0,0.992908875634,0.963661134243,0.899635255337,1.12094276972e-07,0.0932736202972,0.0932736202972,-0.0932736202972,-0.0292477413909,0,0,168.982284546,3.31486487389,0.000315016251989,0.219788238406,153.440917969,3.0100274086,0.936408150196,-0.0565007254379,0.961309588816
9.65,0,0.992908875634,0.964714407921,0.901023387909,1.52708977907e-07,0.091885487725,0.091885487725,-0.091885487725,-0.0281944677131,0,0,170.482284546,3.34428882599,0.0003132984275,0.217578813434,154.859344482,3.03785300255,0.938056004047,-0.0548528715866,0.961309588816
9.7,0,1,0.965737879276,0.902381122112,1.98596893597e-07,0.0976188778877,0.0976188778877,-0.0976188778877,-0.0342621207237,0,0,171.982315063,3.37371659279,0.00031159518403,0.215417280793,156.278106689,3.06568527222,0.939703857899,-0.0602961421013,0.961309588816
9.75,0,1,0.966731607914,0.903708994389,2.4955909339e-07,0.0962910056114,0.0962910056114,-0.0962910056114,-0.033268392086,0,0,173.482315063,3.40313887596,0.000309906317852,0.213293865323,157.697219849,3.09352397919,0.94135171175,-0.05864828825,0.961309588816
9.8,0,1,0.967696011066,0.905008018017,3.05402863887e-07,0.0949919819832,0.0949919819832,-0.0949919819832,-0.0323039889336,0,0,174.982315063,3.43256521225,0.000308231479721,0.211210474372,159.116638184,3.12136912346,0.942999565601,-0.0570004343987,0.961309588816
9.85,0,1,0.968632102013,0.90627849102,3.65942639746e-07,0.0937215089798,0.0937215089798,-0.0937215089798,-0.0313678979874,0,0,176.482315063,3.46198964119,0.000306570524117,0.209166258574,160.536376953,3.14922070503,0.944647419453,-0.0553525805473,0.961309588816
9.9,0,1,0.969542384148,0.907521367073,4.30998085221e-07,0.0924786329269,0.0924786329269,-0.0924786329269,-0.0304576158524,0,0,177.982315063,3.49141383171,0.000304923189105,0.207159608603,161.956420898,3.17707824707,0.946295273304,-0.053704726696,0.961309588816
9.95,0,1,0.970425009727,0.908737540245,5.00396993175e-07,0.0912624597549,0.0912624597549,-0.0912624597549,-0.0295749902725,0,0,179.482315063,3.52083849907,0.00030328927096,0.205188751221,163.376800537,3.20494222641,0.947943127155,-0.0520568728447,0.961309588816
10,1,1,0.97128289938,0.909927666187,5.7396965758e-07,0.0900723338127,0.0900723338127,-0.0900723338127,-0.0287171006203,0,0,180.982315063,3.55026316643,0.000301668478642,0.2032597363,164.797454834,3.2328119278,0.949590981007,-0.0504090189934,0.961309588816
10.05,0,1,0.972115635872,0.911092400551,6.51560753795e-07,0.0889075994492,0.0889075994492,-0.0889075994492,-0.0278843641281,0,0,182.482315063,3.57968711853,0.000300060783047,0.201372295618,166.218429565,3.26068735123,0.950832259655,-0.049167740345,0.958005929568
10.1,0,1,0.972923636436,0.912232398987,7.33021067845e-07,0.0877676010132,0.0877676010132,-0.0877676010132,-0.0270763635635,0,0,183.982315063,3.60911536217,0.000298465805827,0.199519500136,167.639724731,3.28856873512,0.952073538303,-0.0479264616966,0.958005929568
10.15,0,1,0.973709225655,0.913348019123,8.1820047626e-07,0.0866519808769,0.0866519808769,-0.0866519808769,-0.0262907743454,0,0,185.482315063,3.63853931427,0.000296883401461,0.197698891163,169.061279297,3.31645584106,0.953314816952,-0.0466851830482,0.958005929568
10.2,0,1,0.974472045898,0.914440274239,9.06961417968e-07,0.0855597257614,0.0855597257614,-0.0855597257614,-0.0255279541016,0,0,186.982315063,3.66796398163,0.000295313424431,0.195908635855,170.483123779,3.34434890747,0.9545560956,-0.0454439043999,0.958005929568
10.25,0,1,0.975212097168,0.915509462357,9.99160874926e-07,0.0844905376434,0.0844905376434,-0.0844905376434,-0.024787902832,0,0,188.482315063,3.69738793373,0.000293755641906,0.19414934516,171.90524292,3.37224721909,0.955797374249,-0.0442026257515,0.958005929568
10.3,0,1,0.975930392742,0.916556298733,1.09466202503e-06,0.0834437012672,0.0834437012672,-0.0834437012672,-0.0240696072578,0,0,189.982315063,3.72681260109,0.000292209850159,0.192418754101,173.327651978,3.40015125275,0.957038652897,-0.0429613471031,0.958005929568
10.35,0,1,0.976628482342,0.917581319809,1.1933254882e-06,0.082418680191,0.082418680191,-0.082418680191,-0.0233715176582,0,0,191.482315063,3.7562391758,0.000290675932774,0.190714746714,174.750320435,3.4280602932,0.958279931545,-0.0417200684547,0.958005929568
10.4,0,1,0.977306246758,0.918584883213,1.29501631818e-06,0.081415116787,0.081415116787,-0.081415116787,-0.0226937532425,0,0,192.982315063,3.78566122055,0.000289153656922,0.189036339521,176.173278809,3.45597457886,0.959521210194,-0.0404787898064,0.958005929568
10.45,0,1,0.977963924408,0.919567704201,1.39959331591e-06,0.0804322957993,0.0804322957993,-0.0804322957993,-0.022036075592,0,0,194.482315063,3.81508851051,0.000287642906187,0.187382504344,177.596481323,3.48389434814,0.960762488842,-0.039237511158,0.958005929568
10.5,1,1,0.978603303432,0.920530259609,1.50691698764e-06,0.0794697403908,0.0794697403908,-0.0794697403908,-0.0213966965675,0,0,195.982315063,3.84451317787,0.000286143505946,0.185752376914,179.019958496,3.51181864738,0.96200376749,-0.0379962325096,0.958005929568
10.55,0,1,0.979223966599,0.921472847462,1.6168453385e-06,0.0785271525383,0.0785271525383,-0.0785271525383,-0.0207760334015,0,0,197.482315063,3.87393760681,0.000284655194264,0.184145212173,180.44367981,3.53974843025,0.96293836832,-0.0370616316795,0.955806362249
10.6,0,1,0.979826509953,0.922396183014,1.72923807895e-06,0.0776038169861,0.0776038169861,-0.0776038169861,-0.0201734900475,0,0,198.982315063,3.90336465836,0.000283177971141,0.182560294867,181.867645264,3.56768298149,0.963872969151,-0.0361270308495,0.955806362249
10.65,0,1,0.980411291122,0.923300683498,1.84395287306e-06,0.0766993165016,0.0766993165016,-0.0766993165016,-0.0195887088776,0,0,200.482315063,3.93278622627,0.000281711632852,0.181005865335,183.291885376,3.59562325478,0.964807569981,-0.0351924300194,0.955806362249
10.7,0,1,0.98097962141,0.924186885357,1.96085511561e-06,0.0758131146431,0.0758131146431,-0.0758131146431,-0.0190203785896,0,0,201.982315063,3.96221399307,0.000280255946564,0.17947845161,184.71635437,3.62356805801,0.965742170811,-0.0342578291893,0.955806362249
10.75,0,1,0.981530368328,0.925055205822,2.07980679079e-06,0.074944794178,0.074944794178,-0.074944794178,-0.0184696316719,0,0,203.482315063,3.99163818359,0.000278810883174,0.177974104881,186.141098022,3.65151762962,0.966676771641,-0.0333232283592,0.955806362249
10.8,0,1,0.982066094875,0.925905942917,2.20067499868e-06,0.0740940570831,0.0740940570831,-0.0740940570831,-0.0179339051247,0,0,204.982315063,4.02106142044,0.000277376209851,0.176485165954,187.566085815,3.67947173119,0.967611372471,-0.0323886275291,0.955806362249
10.85,0,1,0.982585966587,0.926739573479,2.3233299089e-06,0.0732604265213,0.0732604265213,-0.0732604265213,-0.0174140334129,0,0,206.482315063,4.05048942566,0.000275951839285,0.175015464425,188.99130249,3.70743060112,0.968545973301,-0.0314540266991,0.955806362249
10.9,0,1,0.983090817928,0.927556574345,2.44764373747e-06,0.0724434256554,0.0724434256554,-0.0724434256554,-0.0169091820717,0,0,207.982315063,4.07991170883,0.000274537596852,0.173565670848,190.416748047,3.73539447784,0.969480574131,-0.030519425869,0.955806362249
10.95,0,1,0.983581423759,0.928357243538,2.57349552157e-06,0.0716427564621,0.0716427564621,-0.0716427564621,-0.0164185762405,0,0,209.482315063,4.10933971405,0.00027313339524,0.172135517001,191.842407227,3.76336336136,0.970415174961,-0.0295848250389,0.955806362249
11,1,1,0.984058022499,0.929141879082,2.70076202469e-06,0.0708581209183,0.0708581209183,-0.0708581209183,-0.0159419775009,0,0,210.982315063,4.1387629509,0.00027173908893,0.170724466443,193.268341064,3.79133605957,0.971349775791,-0.0286502242088,0.955806362249
11.05,0,1,0.984519779682,0.929910957813,2.82932683149e-06,0.0700890421867,0.0700890421867,-0.0700890421867,-0.0154802203178,0,0,212.482315063,4.16818761826,0.0002703545033,0.169331908226,194.694458008,3.81931376457,0.97205337286,-0.02794662714,0.954409491734
11.1,0,1,0.984968841076,0.930664718151,2.95907807413e-06,0.0693352818489,0.0693352818489,-0.0693352818489,-0.0150311589241,0,0,213.982315063,4.19761514664,0.000268979580142,0.167957216501,196.120849609,3.84729528427,0.972756969929,-0.0272430300713,0.954409491734
11.15,0,1,0.985404670238,0.931403577328,3.08990388476e-06,0.0685964226723,0.0685964226723,-0.0685964226723,-0.0145953297615,0,0,215.482315063,4.22703695297,0.000267614144832,0.166602194309,197.547424316,3.87528157234,0.973460566998,-0.0265394330025,0.954409491734
11.2,0,1,0.98582804203,0.932127833366,3.22170035361e-06,0.0678721666336,0.0678721666336,-0.0678721666336,-0.0141719579697,0,0,216.982315063,4.25646495819,0.000266258080956,0.165264621377,198.974212646,3.90327191353,0.974164164066,-0.0258358359337,0.954409491734
11.25,0,1,0.986239075661,0.932838082314,3.35436629939e-06,0.0671619176865,0.0671619176865,-0.0671619176865,-0.0137609243393,0,0,218.482315063,4.28588914871,0.000264911301201,0.163943469524,200.401245117,3.93126702309,0.974867761135,-0.0251322388649,0.954409491734
11.3,0,1,0.986637353897,0.933534324169,3.48780372406e-06,0.0664656758308,0.0664656758308,-0.0664656758308,-0.0133626461029,0,0,219.982315063,4.31531238556,0.000263573630946,0.162638232112,201.828460693,3.95926618576,0.975571358204,-0.0244286417961,0.954409491734
11.35,0,1,0.987025201321,0.934216797352,3.62191963177e-06,0.0657832026482,0.0657832026482,-0.0657832026482,-0.0129747986794,0,0,221.482315063,4.34474039078,0.000262245011982,0.161348432302,203.255935669,3.98726916313,0.976274955273,-0.0237250447273,0.954409491734
11.4,0,1,0.987401247025,0.934886097908,3.75662352781e-06,0.065113902092,0.065113902092,-0.065113902092,-0.0125987529755,0,0,222.982315063,4.37416267395,0.000260925356997,0.160073652864,204.683578491,4.01527643204,0.976978552341,-0.0230214476585,0.954409491734
11.45,0,1,0.987766444683,0.935542166233,3.89182469007e-06,0.0644578337669,0.0644578337669,-0.0644578337669,-0.0122335553169,0,0,224.482315063,4.40359020233,0.00025961449137,0.158813521266,206.111450195,4.04328775406,0.97768214941,-0.0223178505898,0.954409491734
11.5,1,1,0.988121211529,0.936185598373,4.02743717132e-06,0.0638144016266,0.0638144016266,-0.0638144016266,-0.0118787884712,0,0,225.982315063,4.43301486969,0.000258312327787,0.157567679882,207.539489746,4.07130289078,0.978385746479,-0.021614253521,0.954409491734
11.55,0,1,0.988465607166,0.936816453934,4.16337525166e-06,0.0631835460663,0.0631835460663,-0.0631835460663,-0.0115343928337,0,0,227.482315063,4.46243810654,0.000257018749835,0.156335785985,208.96774292,4.09932231903,0.978916490078,-0.021083509922,0.953530435438
11.6,0,1,0.988800108433,0.937435150146,4.29955798609e-06,0.0625648498535,0.0625648498535,-0.0625648498535,-0.0111998915672,0,0,228.982315063,4.49186611176,0.000255733670201,0.155117541552,210.396224976,4.12734508514,0.979447233677,-0.0205527663231,0.953530435438
11.65,0,1,0.989124655724,0.938041865826,4.43590397481e-06,0.0619581341743,0.0619581341743,-0.0619581341743,-0.0108753442764,0,0,230.482315063,4.52128744125,0.000254457030678,0.153912603855,211.824874878,4.15537261963,0.979977977276,-0.0200220227242,0.953530435438
11.7,0,1,0.989440619946,0.938637018204,4.57233409179e-06,0.0613629817963,0.0613629817963,-0.0613629817963,-0.0105593800545,0,0,231.982315063,4.55071687698,0.000253188627539,0.152729794383,213.253753662,4.18340349197,0.980508720875,-0.0194912791252,0.953530435438
11.75,0,1,0.989746212959,0.939220666885,4.70877512271e-06,0.0607793331146,0.0607793331146,-0.0607793331146,-0.0102537870407,0,0,233.482315063,4.58013916016,0.000251928460784,0.151563629508,214.682800293,4.21143817902,0.981039464474,-0.0189605355263,0.953530435438
11.8,0,1,0.990043759346,0.939793288708,4.84514930577e-06,0.0602067112923,0.0602067112923,-0.0602067112923,-0.00995624065399,0,0,234.982315063,4.609562397,0.000250676413998,0.15040589869,216.112060547,4.23947668076,0.981570208073,-0.0184297919273,0.953530435438
11.85,0,1,0.990332484245,0.940354943275,4.98139024785e-06,0.0596450567245,0.0596450567245,-0.0596450567245,-0.0096675157547,0,0,236.482315063,4.63899183273,0.000249432341661,0.149260565639,217.541503906,4.26751947403,0.982100951672,-0.0178990483284,0.953530435438
11.9,0,1,0.990612447262,0.940905928612,5.11742609888e-06,0.0590940713882,0.0590940713882,-0.0590940713882,-0.00938755273819,0,0,237.982315063,4.66841554642,0.00024819621467,0.148128524423,218.971115112,4.29556560516,0.982631695271,-0.0173683047295,0.953530435438
11.95,0,1,0.990885436535,0.941446483135,5.25319228473e-06,0.0585535168648,0.0585535168648,-0.0585535168648,-0.00911456346512,0,0,239.482315063,4.69784164429,0.000246967887506,0.14700974524,220.400939941,4.32361555099,0.983162438869,-0.0168375611305,0.953530435438
12,1,1,0.991149663925,0.941976726055,5.38862332178e-06,0.0580232739449,0.0580232739449,-0.0580232739449,-0.00885033607483,0,0,240.982315063,4.7272644043,0.000245747243753,0.145905435085,221.830947876,4.35166883469,0.983693182468,-0.0163068175316,0.953530435438
12.05,0,1,0.991405725479,0.942496955395,5.52365872863e-06,0.0575030446053,0.0575030446053,-0.0575030446053,-0.00859427452087,0,0,242.482315063,4.75668811798,0.000244534341618,0.144814938307,223.261138916,4.37972640991,0.98409293294,-0.0159070670605,0.952966465384
12.1,0,1,0.991654872894,0.943007290363,5.65823984289e-06,0.0569927096367,0.0569927096367,-0.0569927096367,-0.00834512710571,0,0,243.982315063,4.78611755371,0.000243328977376,0.143736720085,224.691497803,4.407787323,0.984492683411,-0.0155073165894,0.952966465384
12.15,0,1,0.991897583008,0.943507969379,5.79231073061e-06,0.0564920306206,0.0564920306206,-0.0564920306206,-0.00810241699219,0,0,245.482315063,4.81554031372,0.000242131078267,0.142670273781,226.122070312,4.43585109711,0.984892433882,-0.0151075661182,0.952966465384
12.2,0,1,0.992131590843,0.943999290466,5.92581636738e-06,0.0560007095337,0.0560007095337,-0.0560007095337,-0.0078684091568,0,0,246.982315063,4.84496736526,0.000240940542426,0.141615226865,227.552780151,4.46391916275,0.985292184353,-0.0147078156471,0.952966465384
12.25,0,1,0.992360234261,0.944481194019,6.05870718573e-06,0.0555188059807,0.0555188059807,-0.0555188059807,-0.00763976573944,0,0,248.482315063,4.87439012527,0.000239757326199,0.14057123661,228.983673096,4.49199056625,0.985691934824,-0.014308065176,0.952966465384
12.3,0,1,0.992581546307,0.944954156876,6.19093225396e-06,0.0550458431244,0.0550458431244,-0.0550458431244,-0.00741845369339,0,0,249.982315063,4.90381908417,0.000238581342273,0.139538019896,230.414749146,4.52006530762,0.986091685295,-0.0139083147049,0.952966465384
12.35,0,1,0.992797493935,0.945418179035,6.32244746157e-06,0.0545818209648,0.0545818209648,-0.0545818209648,-0.00720250606537,0,0,251.482315063,4.93324232101,0.00023741251789,0.138515278697,231.846008301,4.54814338684,0.986491435766,-0.0135085642338,0.952966465384
12.4,0,1,0.993005216122,0.945873379707,6.45320551484e-06,0.0541266202927,0.0541266202927,-0.0541266202927,-0.00699478387833,0,0,252.982315063,4.96266555786,0.000236250736634,0.137502789497,233.277435303,4.57622432709,0.986891186237,-0.0131088137627,0.952966465384
12.45,0,1,0.993208706379,0.94632011652,6.58316730551e-06,0.0536798834801,0.0536798834801,-0.0536798834801,-0.00679129362106,0,0,254.482315063,4.99209499359,0.000235095998505,0.136500298977,234.70904541,4.60430955887,0.987290936708,-0.0127090632915,0.952966465384
12.5,1,1,0.993405401707,0.946758329868,6.71229145155e-06,0.0532416701317,0.0532416701317,-0.0532416701317,-0.0065945982933,0,0,255.982315063,5.02151584625,0.00023394812888,0.13550761342,236.140777588,4.63239717484,0.98769068718,-0.0123093128204,0.952966465384
12.55,0,1,0.993596434593,0.94718837738,6.84054020894e-06,0.0528116226196,0.0528116226196,-0.0528116226196,-0.0064035654068,0,0,257.482299805,5.05094528198,0.000232807156863,0.134524509311,237.572677612,4.66048812866,0.987991172075,-0.0120088279247,0.952588499304
12.6,0,1,0.993782103062,0.947610378265,6.96787901688e-06,0.0523896217346,0.0523896217346,-0.0523896217346,-0.00621789693832,0,0,258.982299805,5.08036756516,0.000231672966038,0.133550807834,239.004760742,4.68858289719,0.988291656971,-0.011708343029,0.952588499304
12.65,0,1,0.993962526321,0.948024392128,7.09427240508e-06,0.051975607872,0.051975607872,-0.051975607872,-0.00603747367859,0,0,260.482299805,5.109790802,0.000230545396334,0.132586300373,240.437026978,4.71668100357,0.988592141867,-0.0114078581333,0.952588499304
12.7,0,1,0.994137167931,0.948430538177,7.21968717698e-06,0.0515694618225,0.0515694618225,-0.0515694618225,-0.0058628320694,0,0,261.982299805,5.13922023773,0.00022942450596,0.131630837917,241.869415283,4.74478149414,0.988892626762,-0.0111073732376,0.952588499304
12.75,0,1,0.994308173656,0.948829174042,7.34409513825e-06,0.0511708259583,0.0511708259583,-0.0511708259583,-0.00569182634354,0,0,263.482299805,5.16864109039,0.000228310149396,0.130678042769,243.302001953,4.77288532257,0.989193111658,-0.0108068883419,0.952588499304
12.8,0,1,0.994472563267,0.949220299721,7.46746582081e-06,0.0507797002792,0.0507797002792,-0.0507797002792,-0.00552743673325,0,0,264.982299805,5.19807100296,0.00022720231209,0.129732683301,244.734710693,4.80099201202,0.989493596554,-0.0105064034462,0.952588499304
12.85,0,1,0.994632720947,0.949604153633,7.58977193982e-06,0.0503958463669,0.0503958463669,-0.0503958463669,-0.00536727905273,0,0,266.482299805,5.22749328613,0.000226100921282,0.128798469901,246.16758728,4.82910299301,0.98979408145,-0.0102059185505,0.952588499304
12.9,0,1,0.994789063931,0.949980854988,7.71098802943e-06,0.0500191450119,0.0500191450119,-0.0500191450119,-0.00521093606949,0,0,267.982299805,5.25691604614,0.000225005831453,0.127873778343,247.600631714,4.85721588135,0.990094566345,-0.00990543365479,0.952588499304
12.95,0,1,0.994939267635,0.95035046339,7.83108953328e-06,0.0496495366096,0.0496495366096,-0.0496495366096,-0.00506073236465,0,0,269.482299805,5.28634500504,0.000223917042604,0.126958221197,249.033798218,4.88533210754,0.990395051241,-0.00960494875908,0.952588499304
13,1,1,0.995086669922,0.950713217258,7.95005507825e-06,0.0492867827415,0.0492867827415,-0.0492867827415,-0.00491333007812,0,0,270.982299805,5.31576681137,0.000222834496526,0.126051545143,250.467163086,4.9134516716,0.990695536137,-0.00930446386337,0.952588499304
13.05,0,1,0.995228827,0.951069176197,8.06786374596e-06,0.0489308238029,0.0489308238029,-0.0489308238029,-0.00477117300034,0,0,272.482299805,5.34519577026,0.000221758105909,0.125158920884,251.900665283,4.94157409668,0.990920829773,-0.00907917022705,0.952317522347
13.1,0,1,0.995367527008,0.951418638229,8.18449461804e-06,0.0485813617706,0.0485813617706,-0.0485813617706,-0.00463247299194,0,0,273.982299805,5.37461900711,0.000220687812543,0.124276816845,253.334320068,4.96969938278,0.991146123409,-0.00885387659073,0.952317522347
13.15,0,1,0.995502173901,0.951761603355,8.29993223306e-06,0.0482383966446,0.0482383966446,-0.0482383966446,-0.0044978260994,0,0,275.482299805,5.40404129028,0.000219623558223,0.123404510319,254.768096924,4.99782800674,0.991371417046,-0.00862858295441,0.952317522347
13.2,0,1,0.995632052422,0.952098309994,8.41415567265e-06,0.0479016900063,0.0479016900063,-0.0479016900063,-0.00436794757843,0,0,276.982299805,5.43347072601,0.000218565270188,0.122541502118,256.202087402,5.02595901489,0.991596710682,-0.00840328931808,0.952317522347
13.25,0,1,0.995758414268,0.952428638935,8.52715311339e-06,0.0475713610649,0.0475713610649,-0.0475713610649,-0.00424158573151,0,0,278.482299805,5.46289157867,0.000217512919335,0.121687345207,257.636169434,5.05409383774,0.991822004318,-0.00817799568176,0.952317522347
13.3,0,1,0.995881438255,0.952752828598,8.63891091285e-06,0.047247171402,0.047247171402,-0.047247171402,-0.00411856174469,0,0,279.982299805,5.49232149124,0.000216466403799,0.120841689408,259.07043457,5.08223104477,0.992047297955,-0.00795270204544,0.952317522347
13.35,0,1,0.996001243591,0.953071057796,8.74941542861e-06,0.0469289422035,0.0469289422035,-0.0469289422035,-0.00399875640869,0,0,281.482299805,5.52174425125,0.000215425694478,0.120004214346,260.504821777,5.11037015915,0.992272591591,-0.00772740840912,0.952317522347
13.4,0,1,0.996116697788,0.95338332653,8.85865574674e-06,0.0466166734695,0.0466166734695,-0.0466166734695,-0.00388330221176,0,0,282.982299805,5.55116653442,0.000214390747715,0.119174659252,261.939331055,5.13851356506,0.992497885227,-0.0075021147728,0.952317522347
13.45,0,1,0.996229708195,0.953689754009,8.96662095329e-06,0.0463102459908,0.0463102459908,-0.0463102459908,-0.00377029180527,0,0,284.482299805,5.58059644699,0.000213361461647,0.118352793157,263.374023438,5.16665935516,0.992723178864,-0.00727682113647,0.952317522347
13.5,1,1,0.996338903904,0.953990578651,9.07330286282e-06,0.0460094213486,0.0460094213486,-0.0460094213486,-0.00366109609604,0,0,285.982299805,5.61001873016,0.000212337836274,0.117545865476,264.808837891,5.19480752945,0.9929484725,-0.00705152750015,0.952317522347
13.55,0,1,0.996444821358,0.954286038876,9.17869419936e-06,0.0457139611244,0.0457139611244,-0.0457139611244,-0.00355517864227,0,0,287.482299805,5.63944721222,0.000211319755181,0.116748802364,266.243835449,5.2229590416,0.993116801977,-0.00688319802284,0.952107337924
13.6,0,1,0.996547996998,0.954576015472,9.28278859647e-06,0.0454239845276,0.0454239845276,-0.0454239845276,-0.00345200300217,0,0,288.982299805,5.66886949539,0.000210307232919,0.115961439908,267.678924561,5.25111293793,0.993285131454,-0.00671486854553,0.952107337924
13.65,0,1,0.996648192406,0.954860627651,9.38557877816e-06,0.0451393723488,0.0451393723488,-0.0451393723488,-0.0033518075943,0,0,290.482299805,5.69829940796,0.000209300153074,0.115176863968,269.11416626,5.27927017212,0.993453460932,-0.00654653906822,0.952107337924
13.7,0,1,0.996745824814,0.955140173435,9.48706201598e-06,0.0448598265648,0.0448598265648,-0.0448598265648,-0.00325417518616,0,0,291.982299805,5.72772169113,0.000208298486541,0.114399001002,270.549560547,5.3074297905,0.993621790409,-0.00637820959091,0.952107337924
13.75,0,1,0.996840119362,0.955414533615,9.58723376243e-06,0.0445854663849,0.0445854663849,-0.0445854663849,-0.00315988063812,0,0,293.48236084,5.75714445114,0.000207302189665,0.113628998399,271.985076904,5.33559179306,0.993790119886,-0.0062098801136,0.952107337924
13.8,0,1,0.996931791306,0.9556838274,9.68609310803e-06,0.0443161725998,0.0443161725998,-0.0443161725998,-0.00306820869446,0,0,294.98236084,5.78657245636,0.000206311233342,0.112866871059,273.42074585,5.36375713348,0.993958449364,-0.00604155063629,0.952107337924
13.85,0,1,0.997020661831,0.955948293209,9.78363732429e-06,0.0440517067909,0.0440517067909,-0.0440517067909,-0.0029793381691,0,0,296.48236084,5.81599473953,0.00020532553026,0.112112395465,274.856506348,5.39192438126,0.994126778841,-0.00587322115898,0.952107337924
13.9,0,1,0.99710714817,0.956207752228,9.87986368273e-06,0.0437922477722,0.0437922477722,-0.0437922477722,-0.00289285182953,0,0,297.98236084,5.84542512894,0.00020434500766,0.111365236342,276.292449951,5.42009496689,0.994295108318,-0.00570489168167,0.952107337924
13.95,0,1,0.997191131115,0.956462562084,9.97477491183e-06,0.0435374379158,0.0435374379158,-0.0435374379158,-0.00280886888504,0,0,299.48236084,5.87484741211,0.000203369665542,0.110625095665,277.728515625,5.44826841354,0.994463437796,-0.00553656220436,0.952107337924
14,1,1,0.99727243185,0.956712663174,1.00683710116e-05,0.0432873368263,0.0432873368263,-0.0432873368263,-0.00272756814957,0,0,300.98236084,5.90426969528,0.000202399445698,0.109891749918,279.164733887,5.47644329071,0.994631767273,-0.00536823272705,0.952107337924
14.05,0,1,0.997351408005,0.956958115101,1.0160651982e-05,0.0430418848991,0.0430418848991,-0.0430418848991,-0.00264859199524,0,0,302.48236084,5.93369960785,0.000201434304472,0.109164915979,280.601013184,5.50462150574,0.994757467508,-0.00524253249168,0.951931214503
14.1,0,1,0.99742859602,0.95719909668,1.02516223706e-05,0.0428009033203,0.0428009033203,-0.0428009033203,-0.00257140398026,0,0,303.98236084,5.96312093735,0.000200474169105,0.108444444835,282.037475586,5.53280210495,0.994883167744,-0.00511683225632,0.951931214503
14.15,0,1,0.997502505779,0.957435667515,1.03412830867e-05,0.0425643324852,0.0425643324852,-0.0425643324852,-0.00249749422073,0,0,305.48236084,5.99254989624,0.000199519010494,0.107730135322,283.474060059,5.56098508835,0.995008867979,-0.00499113202095,0.951931214503
14.2,0,1,0.997574925423,0.957667887211,1.04296377685e-05,0.0423321127892,0.0423321127892,-0.0423321127892,-0.00242507457733,0,0,306.98236084,6.02197217941,0.000198568784981,0.107021838427,284.910766602,5.58917045593,0.995134568214,-0.00486543178558,0.951931214503
14.25,0,1,0.997645914555,0.957895755768,1.05166927824e-05,0.0421042442322,0.0421042442322,-0.0421042442322,-0.0023540854454,0,0,308.48236084,6.05139541626,0.000197623448912,0.10631942004,286.347595215,5.61735868454,0.99526026845,-0.00473973155022,0.951931214503
14.3,0,1,0.997713923454,0.958119392395,1.06024517663e-05,0.041880607605,0.041880607605,-0.041880607605,-0.00228607654572,0,0,309.98236084,6.08082437515,0.000196682944079,0.1056227386,287.784545898,5.64554929733,0.995385968685,-0.00461403131485,0.951931214503
14.35,0,1,0.997780025005,0.958339035511,1.06869183583e-05,0.041660964489,0.041660964489,-0.041660964489,-0.00221997499466,0,0,311.48236084,6.11024713516,0.000195747226826,0.104933284223,289.221618652,5.67374277115,0.995511668921,-0.00448833107948,0.951931214503
14.4,0,1,0.99784463644,0.958554685116,1.07701007437e-05,0.0414453148842,0.0414453148842,-0.0414453148842,-0.00215536355972,0,0,312.98236084,6.13967514038,0.000194816268049,0.1042496562,290.658843994,5.70193767548,0.995637369156,-0.00436263084412,0.951931214503
14.45,0,1,0.997906804085,0.958766222,1.08520052891e-05,0.0412337779999,0.0412337779999,-0.0412337779999,-0.00209319591522,0,0,314.48236084,6.16909790039,0.000193890067749,0.103571511805,292.096160889,5.7301363945,0.995763069391,-0.00423693060875,0.951931214503
14.5,1,1,0.997967004776,0.958974063396,1.09326383608e-05,0.0410259366035,0.0410259366035,-0.0410259366035,-0.002032995224,0,0,315.98236084,6.19852018356,0.000192968480405,0.102898709476,293.533599854,5.75833654404,0.995888769627,-0.00411123037338,0.951931214503
14.55,0,1,0.99802672863,0.959177911282,1.1012007235e-05,0.0408220887184,0.0408220887184,-0.0408220887184,-0.00197327136993,0,0,317.48236084,6.22794866562,0.000192051506019,0.102224998176,294.971160889,5.78653812408,0.995982313156,-0.00401768684387,0.951773593702
14.6,0,1,0.998083889484,0.959377944469,1.10901210064e-05,0.0406220555305,0.0406220555305,-0.0406220555305,-0.00191611051559,0,0,318.98236084,6.2573723793,0.000191139159142,0.101555369794,296.408843994,5.81474399567,0.996075856686,-0.00392414331436,0.951773593702
14.65,0,1,0.998138725758,0.959574460983,1.11669869511e-05,0.0404255390167,0.0404255390167,-0.0404255390167,-0.0018612742424,0,0,320.48236084,6.2868013382,0.000190231323359,0.100891299546,297.84664917,5.84295082092,0.996169400215,-0.00383059978485,0.951773593702
14.7,0,1,0.998193085194,0.959767401218,1.12426150736e-05,0.0402325987816,0.0402325987816,-0.0402325987816,-0.00180691480637,0,0,321.98236084,6.31622457504,0.000189328027773,0.100233018398,299.284576416,5.87116003036,0.996262943745,-0.00373705625534,0.951773593702
14.75,0,1,0.998245298862,0.959956645966,1.13170135592e-05,0.0400433540344,0.0400433540344,-0.0400433540344,-0.00175470113754,0,0,323.48236084,6.34564590454,0.000188429155969,0.099580436945,300.722595215,5.89937353134,0.996356487274,-0.00364351272583,0.951773593702
14.8,0,1,0.998296201229,0.960142433643,1.13901924124e-05,0.0398575663567,0.0398575663567,-0.0398575663567,-0.0017037987709,0,0,324.98236084,6.37507390976,0.000187534751603,0.0989333465695,302.160766602,5.92758750916,0.996450030804,-0.00354996919632,0.951773593702
14.85,0,1,0.998345673084,0.960324764252,1.14621616376e-05,0.0396752357483,0.0396752357483,-0.0396752357483,-0.00165432691574,0,0,326.48236084,6.40449857712,0.000186644727364,0.0982915610075,303.599060059,5.95580387115,0.996543574333,-0.00345642566681,0.951773593702
14.9,0,1,0.998393952847,0.960503757,1.15329312393e-05,0.039496243,0.039496243,-0.039496243,-0.00160604715347,0,0,327.98236084,6.43392658234,0.000185759025044,0.0976549088955,305.037414551,5.98402309418,0.996637117863,-0.0033628821373,0.951773593702
14.95,0,1,0.998440206051,0.960679352283,1.16025121315e-05,0.0393206477165,0.0393206477165,-0.0393206477165,-0.00155979394913,0,0,329.48236084,6.46334886551,0.000184877644642,0.0970232412219,306.475952148,6.01224422455,0.996730661392,-0.00326933860779,0.951773593702
15,1,1,0.998485684395,0.960851788521,1.16709143185e-05,0.0391482114792,0.0391482114792,-0.0391482114792,-0.00151431560516,0,0,330.98236084,6.49277067184,0.000184000557056,0.0963964164257,307.914550781,6.04046773911,0.996824204922,-0.00317579507828,0.951773593702
15.05,0,1,0.998529970646,0.961021065712,1.17380604934e-05,0.038978934288,0.038978934288,-0.038978934288,-0.0014700293541,0,0,332.48236084,6.52220010757,0.000183127689525,0.0957754030824,309.353271484,6.06869220734,0.996893417835,-0.00310658216476,0.951626243518
15.1,0,1,0.998572349548,0.961187243462,1.18038742585e-05,0.0388127565384,0.0388127565384,-0.0388127565384,-0.00142765045166,0,0,333.98236084,6.5516242981,0.000182259056601,0.0951598361135,310.79208374,6.09692001343,0.996962630749,-0.00303736925125,0.951626243518
15.15,0,1,0.998613893986,0.96135032177,1.18683728942e-05,0.0386496782303,0.0386496782303,-0.0386496782303,-0.00138610601425,0,0,335.48236084,6.58105230331,0.000181394556421,0.0945489034057,312.231079102,6.1251502037,0.997031843662,-0.00296815633774,0.951626243518
15.2,0,1,0.998653590679,0.961510360241,1.19315782285e-05,0.0384896397591,0.0384896397591,-0.0384896397591,-0.00134640932083,0,0,336.98236084,6.61047363281,0.000180534188985,0.093942463398,313.67010498,6.15338277817,0.997101056576,-0.00289894342422,0.951626243518
15.25,0,1,0.998692691326,0.961667478085,1.19935157272e-05,0.0383325219154,0.0383325219154,-0.0383325219154,-0.00130730867386,0,0,338.48236084,6.63989591599,0.000179677939741,0.0933403745294,315.109313965,6.18161773682,0.997170269489,-0.00282973051071,0.951626243518
15.3,0,1,0.99873071909,0.961821556091,1.20542072182e-05,0.0381784439087,0.0381784439087,-0.0381784439087,-0.00126928091049,0,0,339.98236084,6.66932487488,0.000178825735929,0.0927425920963,316.548583984,6.20985364914,0.997239482403,-0.0027605175972,0.951626243518
15.35,0,1,0.998767912388,0.961972892284,1.21136763482e-05,0.0380271077156,0.0380271077156,-0.0380271077156,-0.00123208761215,0,0,341.48236084,6.69875097275,0.000177977562998,0.0921490043402,317.987945557,6.23809194565,0.997308695316,-0.00269130468369,0.951626243518
15.4,0,1,0.998803317547,0.962121248245,1.21719449453e-05,0.0378787517548,0.0378787517548,-0.0378787517548,-0.00119668245316,0,0,342.98236084,6.72817802429,0.00017713336274,0.091553427279,319.427429199,6.26633262634,0.99737790823,-0.00262209177017,0.951626243518
15.45,0,1,0.998837828636,0.962267041206,1.22290357467e-05,0.0377329587936,0.0377329587936,-0.0377329587936,-0.00116217136383,0,0,344.48236084,6.75760030746,0.000176293149707,0.0909608826041,320.867004395,6.29457426071,0.997447121143,-0.00255287885666,0.951626243518
15.5,1,1,0.998871207237,0.962410151958,1.22849723994e-05,0.0375898480415,0.0375898480415,-0.0375898480415,-0.00112879276276,0,0,345.98236084,6.78702783585,0.000175456836587,0.0903728678823,322.306732178,6.32281970978,0.997516334057,-0.00248366594315,0.951626243518
15.55,0,1,0.998904883862,0.962550520897,1.23397749121e-05,0.0374494791031,0.0374494791031,-0.0374494791031,-0.00109511613846,0,0,347.48236084,6.81644916534,0.000174624437932,0.0897896513343,323.746520996,6.35106706619,0.997568011284,-0.00243198871613,0.951485436077
15.6,0,1,0.998935759068,0.962688326836,1.23934660223e-05,0.0373116731644,0.0373116731644,-0.0373116731644,-0.00106424093246,0,0,348.98236084,6.84587526321,0.000173795910086,0.0892111435533,325.186431885,6.37931489944,0.997619688511,-0.00238031148911,0.951485436077
15.65,0,1,0.998966515064,0.96282351017,1.24460666484e-05,0.03717648983,0.03717648983,-0.03717648983,-0.00103348493576,0,0,350.48236084,6.87530422211,0.000172971209395,0.088637188077,326.626464844,6.40756654739,0.997671365738,-0.00232863426208,0.951485436077
15.7,0,1,0.998996913433,0.962956190109,1.24975986182e-05,0.0370438098907,0.0370438098907,-0.0370438098907,-0.00100308656693,0,0,351.98236084,6.90472507477,0.000172150292201,0.0880676209927,328.066558838,6.43582010269,0.997723042965,-0.00227695703506,0.951485436077
15.75,0,1,0.999026238918,0.963086545467,1.25480810311e-05,0.0369134545326,0.0369134545326,-0.0369134545326,-0.000973761081696,0,0,353.48236084,6.93415307999,0.000171333158505,0.0875033214688,329.50680542,6.4640750885,0.997774720192,-0.00222527980804,0.951485436077
15.8,0,1,0.999054014683,0.963214218616,1.25975348055e-05,0.0367857813835,0.0367857813835,-0.0367857813835,-0.00094598531723,0,0,354.98236084,6.96357440948,0.000170519764652,0.0869441181421,330.947113037,6.49233198166,0.997826397419,-0.00217360258102,0.951485436077
15.85,0,1,0.999081790447,0.963339686394,1.26459817693e-05,0.0366603136063,0.0366603136063,-0.0366603136063,-0.000918209552765,0,0,356.48236084,6.99300146103,0.000169710081536,0.0863889679313,332.387512207,6.52059173584,0.997878074646,-0.002121925354,0.951485436077
15.9,0,1,0.999107658863,0.963462769985,1.26934373839e-05,0.0365372300148,0.0365372300148,-0.0365372300148,-0.000892341136932,0,0,357.98236084,7.02243041992,0.000168904080056,0.0858377069235,333.828063965,6.54885196686,0.997929751873,-0.00207024812698,0.951485436077
15.95,0,1,0.99913418293,0.963583648205,1.27755347421e-05,0.0364163517952,0.0364163517952,-0.0364163517952,-0.000865817070007,0,0,359.48236084,7.05184984207,0.000168101731106,0.0852902308106,335.268676758,6.5771150589,0.9979814291,-0.00201857089996,0.951485436077
16,1,1,0.999159395695,0.963702201843,1.28771607706e-05,0.0362977981567,0.0362977981567,-0.0362977981567,-0.000840604305267,0,0,360.98236084,7.08127832413,0.000167302991031,0.0847464501858,336.709411621,6.60537958145,0.998033106327,-0.00196689367294,0.951485436077
16.05,0,1,0.99918371439,0.96381855011,1.29824502437e-05,0.0361814498901,0.0361814498901,-0.0361814498901,-0.000816285610199,0,0,362.48236084,7.11070585251,0.000166507830727,0.0842062905431,338.15020752,6.63364648819,0.998071748018,-0.00192825198174,0.951347953386
16.1,0,1,0.999206960201,0.963932871819,1.30913449539e-05,0.0360671281815,0.0360671281815,-0.0360671281815,-0.000793039798737,0,0,363.98236084,7.14012670517,0.000165716264746,0.0836696848273,339.591125488,6.66191673279,0.998110389709,-0.00188961029053,0.951347953386
16.15,0,1,0.999229669571,0.964044868946,1.32037885123e-05,0.0359551310539,0.0359551310539,-0.0359551310539,-0.000770330429077,0,0,365.48236084,7.16955566406,0.000164928220329,0.0831365659833,341.03213501,6.69018650055,0.998149031401,-0.00185096859932,0.951347953386
16.2,0,1,0.999252438545,0.964154720306,1.33197208925e-05,0.0358452796936,0.0358452796936,-0.0358452796936,-0.000747561454773,0,0,366.98236084,7.19897556305,0.000164143682923,0.0826007500291,342.473266602,6.71845912933,0.998187673092,-0.00181232690811,0.951347953386
16.25,0,1,0.999274849892,0.964262723923,1.34390820676e-05,0.0357372760773,0.0357372760773,-0.0357372760773,-0.000725150108337,0,0,368.48236084,7.22840309143,0.000163362623425,0.0820672959089,343.914459229,6.74673366547,0.998226314783,-0.0017736852169,0.951347953386
16.3,0,1,0.999295294285,0.964368462563,1.35618165586e-05,0.0356315374374,0.0356315374374,-0.0356315374374,-0.000704705715179,0,0,369.98236084,7.25783061981,0.000162585012731,0.0815376862884,345.355743408,6.77500963211,0.998264956474,-0.0017350435257,0.951347953386
16.35,0,1,0.999315977097,0.964472413063,1.36878561534e-05,0.035527586937,0.035527586937,-0.035527586937,-0.000684022903442,0,0,371.48236084,7.28725290298,0.000161810850841,0.08101221174,346.797149658,6.80328941345,0.998303598166,-0.00169640183449,0.951347953386
16.4,0,1,0.999335944653,0.964574456215,1.38171435538e-05,0.0354255437851,0.0354255437851,-0.0354255437851,-0.000664055347443,0,0,372.982330322,7.31667995453,0.000161040050443,0.0804908126593,348.238647461,6.83156871796,0.998342239857,-0.00165776014328,0.951347953386
16.45,0,1,0.999355196953,0.964674413204,1.3949616914e-05,0.0353255867958,0.0353255867958,-0.0353255867958,-0.00064480304718,0,0,374.482330322,7.34609985352,0.000160272655194,0.0799749493599,349.680206299,6.85985088348,0.998380881548,-0.00161911845207,0.951347953386
16.5,1,1,0.999374032021,0.964772641659,1.40852116601e-05,0.0352273583412,0.0352273583412,-0.0352273583412,-0.000625967979431,0,0,375.982330322,7.37552928925,0.000159508606885,0.0794635117054,351.121887207,6.8881354332,0.998419523239,-0.00158047676086,0.951347953386
16.55,0,1,0.999392092228,0.964869022369,1.42238613989e-05,0.0351309776306,0.0351309776306,-0.0351309776306,-0.000607907772064,0,0,377.482330322,7.40495681763,0.000158747890964,0.0789556950331,352.563659668,6.91642093658,0.998448449373,-0.00155155062675,0.951211908851
16.6,0,1,0.999409139156,0.964963614941,1.43655061038e-05,0.0350363850594,0.0350363850594,-0.0350363850594,-0.000590860843658,0,0,378.982330322,7.43437862396,0.000157990434673,0.0784513428807,354.005554199,6.94470834732,0.998477375507,-0.00152262449265,0.951211908851
16.65,0,1,0.999426662922,0.965056478977,1.45100775626e-05,0.0349435210228,0.0349435210228,-0.0349435210228,-0.000573337078094,0,0,380.482330322,7.46380567551,0.000157236267114,0.0779503136873,355.447509766,6.97299814224,0.998506301641,-0.00149369835854,0.951211908851
16.7,0,1,0.999443173409,0.965147554874,1.46575112012e-05,0.0348524451256,0.0348524451256,-0.0348524451256,-0.000556826591492,0,0,381.982330322,7.49322795868,0.000156485344633,0.0774525403976,356.889526367,7.00128936768,0.998535227776,-0.00146477222443,0.951211908851
16.75,0,1,0.999459385872,0.965236902237,1.48077388076e-05,0.0347630977631,0.0347630977631,-0.0347630977631,-0.000540614128113,0,0,383.482330322,7.52265405655,0.000155737623572,0.0769579261541,358.331665039,7.02958250046,0.99856415391,-0.00143584609032,0.951211908851
16.8,0,1,0.999474942684,0.965324640274,1.49606958075e-05,0.034675359726,0.034675359726,-0.034675359726,-0.000525057315826,0,0,384.982330322,7.55208206177,0.000154993118485,0.0764664262533,359.773925781,7.05787706375,0.998593080044,-0.00140691995621,0.951211908851
16.85,0,1,0.999490022659,0.965410709381,1.51163130795e-05,0.0345892906189,0.0345892906189,-0.0345892906189,-0.000509977340698,0,0,386.482330322,7.58150959015,0.000154251785716,0.07597797364,361.216217041,7.08617401123,0.998622006178,-0.0013779938221,0.951211908851
16.9,0,1,0.999504446983,0.965495228767,1.52745251398e-05,0.0345047712326,0.0345047712326,-0.0345047712326,-0.000495553016663,0,0,387.982330322,7.61093044281,0.000153513625264,0.07549251616,362.658630371,7.11447191238,0.998650932312,-0.00134906768799,0.951211908851
16.95,0,1,0.999519348145,0.965578019619,1.54352655954e-05,0.034421980381,0.034421980381,-0.034421980381,-0.000480651855469,0,0,389.482330322,7.64035272598,0.000152778549818,0.0750038474798,364.101104736,7.14277124405,0.998679858446,-0.00132014155388,0.951211908851
17,1,1,0.999533414841,0.96565926075,1.55984598678e-05,0.0343407392502,0.0343407392502,-0.0343407392502,-0.000466585159302,0,0,390.982330322,7.66977930069,0.00015204657393,0.0745170637965,365.543670654,7.17107343674,0.99870878458,-0.00129121541977,0.951211908851
17.05,0,1,0.999546468258,0.965739071369,1.57640461111e-05,0.0342609286308,0.0342609286308,-0.0342609286308,-0.000453531742096,0,0,392.482330322,7.69920778275,0.0001513176976,0.0740336477757,366.986358643,7.1993765831,0.99873046875,-0.00126953125,0.951076466165
17.1,0,1,0.999560177326,0.965817272663,1.5931953385e-05,0.0341827273369,0.0341827273369,-0.0341827273369,-0.000439822673798,0,0,393.982330322,7.72863483429,0.000150591891725,0.0735547244549,368.429138184,7.22768211365,0.99875215292,-0.00124784708023,0.951076466165
17.15,0,1,0.999572694302,0.96589410305,1.61021143867e-05,0.0341058969498,0.0341058969498,-0.0341058969498,-0.000427305698395,0,0,395.482330322,7.75805568695,0.000149869098095,0.0730811282992,369.871948242,7.25598907471,0.99877383709,-0.00122616291046,0.951076466165
17.2,0,1,0.999584555626,0.965969502926,1.62744599947e-05,0.0340304970741,0.0340304970741,-0.0340304970741,-0.000415444374084,0,0,396.982330322,7.78747797012,0.000149149316712,0.0726110041142,371.314880371,7.28429746628,0.998795521259,-0.00120447874069,0.951076466165
17.25,0,1,0.999596953392,0.966043651104,1.64489174495e-05,0.033956348896,0.033956348896,-0.033956348896,-0.000403046607971,0,0,398.482330322,7.81690502167,0.000148432533024,0.0721480175853,372.75793457,7.31260871887,0.998817205429,-0.00118279457092,0.951076466165
17.3,0,1,0.999608457088,0.96611648798,1.66254249052e-05,0.0338835120201,0.0338835120201,-0.0338835120201,-0.00039154291153,0,0,399.982330322,7.84633350372,0.000147718717926,0.0716905295849,374.201049805,7.34092092514,0.998838889599,-0.00116111040115,0.951076466165
17.35,0,1,0.99961990118,0.966187894344,1.68039114214e-05,0.0338121056557,0.0338121056557,-0.0338121056557,-0.000380098819733,0,0,401.482330322,7.87575960159,0.000147007856867,0.071237206459,375.644195557,7.36923456192,0.998860573769,-0.00113942623138,0.951076466165
17.4,0,1,0.999630987644,0.966258108616,1.69843060576e-05,0.0337418913841,0.0337418913841,-0.0337418913841,-0.000369012355804,0,0,402.982330322,7.90518188477,0.000146299920743,0.0707876011729,377.087463379,7.39755010605,0.998882257938,-0.00111774206161,0.951076466165
17.45,0,1,0.999641478062,0.966326951981,1.7166541511e-05,0.0336730480194,0.0336730480194,-0.0336730480194,-0.000358521938324,0,0,404.482330322,7.9346036911,0.000145594865899,0.0703414455056,378.530822754,7.42586803436,0.998903942108,-0.00109605789185,0.951076466165
17.5,1,1,0.99965262413,0.966394722462,1.7350552298e-05,0.0336052775383,0.0336052775383,-0.0336052775383,-0.000347375869751,0,0,405.982330322,7.96402978897,0.000144892706885,0.0698985308409,379.974304199,7.45418691635,0.998925626278,-0.00107437372208,0.951076466165
17.55,0,1,0.999661922455,0.966461181641,1.75362656591e-05,0.0335388183594,0.0335388183594,-0.0335388183594,-0.000338077545166,0,0,407.482330322,7.99345827103,0.000144193414599,0.0694587081671,381.417755127,7.48250722885,0.998941910267,-0.00105808973312,0.95094103482
17.6,0,1,0.999672055244,0.966526269913,1.77236179297e-05,0.0334737300873,0.0334737300873,-0.0334737300873,-0.000327944755554,0,0,408.982330322,8.0228843689,0.000143496959936,0.0690218582749,382.861419678,7.51082897186,0.998958194256,-0.00104180574417,0.95094103482
17.65,0,1,0.999681949615,0.96659040451,1.79125399882e-05,0.0334095954895,0.0334095954895,-0.0334095954895,-0.000318050384521,0,0,410.482391357,8.05230712891,0.000142803313793,0.0685878768563,384.305145264,7.53915214539,0.998974478245,-0.00102552175522,0.95094103482
17.7,0,1,0.999691009521,0.96665340662,1.81029681698e-05,0.03334659338,0.03334659338,-0.03334659338,-0.000308990478516,0,0,411.982391357,8.08172893524,0.000142112490721,0.0681505277753,385.74887085,7.56747674942,0.998990762234,-0.00100923776627,0.95094103482
17.75,0,1,0.999699652195,0.966715097427,1.82948297152e-05,0.0332849025726,0.0332849025726,-0.0332849025726,-0.000300347805023,0,0,413.482391357,8.11115455627,0.000141424432513,0.0677148550749,387.192779541,7.59580421448,0.999007046223,-0.000992953777313,0.95094103482
17.8,0,1,0.999708890915,0.966775774956,1.84880627785e-05,0.0332242250443,0.0332242250443,-0.0332242250443,-0.000291109085083,0,0,414.982391357,8.14058494568,0.000140739124618,0.067284911871,388.636688232,7.62413215637,0.999023330212,-0.000976669788361,0.95094103482
17.85,0,1,0.999717354774,0.966835439205,1.86825982382e-05,0.0331645607948,0.0331645607948,-0.0331645607948,-0.000282645225525,0,0,416.482391357,8.17000579834,0.000140056581586,0.0668587759137,390.080718994,7.65246295929,0.999039614201,-0.000960385799408,0.95094103482
17.9,0,1,0.999725341797,0.96689426899,1.88783742487e-05,0.0331057310104,0.0331057310104,-0.0331057310104,-0.000274658203125,0,0,417.982391357,8.19943141937,0.000139376759762,0.0664359033108,391.524810791,7.68079423904,0.99905589819,-0.000944101810455,0.95094103482
17.95,0,1,0.999733150005,0.966951608658,1.90753235074e-05,0.0330483913422,0.0330483913422,-0.0330483913422,-0.000266849994659,0,0,419.482391357,8.22885131836,0.000138699659146,0.0660160779953,392.969024658,7.70912694931,0.999072182178,-0.000927817821503,0.95094103482
18,1,1,0.999740839005,0.967008292675,1.92733859876e-05,0.032991707325,0.032991707325,-0.032991707325,-0.000259160995483,0,0,420.982391357,8.25827884674,0.000138025206979,0.0655991286039,394.413238525,7.73746156693,0.999088466167,-0.00091153383255,0.95094103482
18.05,0,1,0.999748468399,0.967063903809,1.94724889298e-05,0.0329360961914,0.0329360961914,-0.0329360961914,-0.000251531600952,0,0,422.482391357,8.2876996994,0.000137353446917,0.0651849359274,395.85760498,7.76579856873,0.999100726843,-0.00089927315712,0.950805225982
18.1,0,1,0.999755740166,0.967118620872,1.96725795831e-05,0.0328813791275,0.0328813791275,-0.0328813791275,-0.00024425983429,0,0,423.982391357,8.31713008881,0.000136684320751,0.064773388207,397.302032471,7.79413604736,0.999112987518,-0.000887012481689,0.950805225982
18.15,0,1,0.999763190746,0.967172205448,1.98735851882e-05,0.0328277945518,0.0328277945518,-0.0328277945518,-0.000236809253693,0,0,425.482391357,8.34655570984,0.000136017843033,0.0643643960357,398.746520996,7.82247543335,0.999125248194,-0.000874751806259,0.950805225982
18.2,0,1,0.999769806862,0.967224955559,2.00754511752e-05,0.0327750444412,0.0327750444412,-0.0327750444412,-0.000230193138123,0,0,426.982391357,8.37597751617,0.000135353941005,0.0639578849077,400.191070557,7.85081624985,0.999137508869,-0.000862491130829,0.950805225982
18.25,0,1,0.999776244164,0.967276573181,2.02781102416e-05,0.0327234268188,0.0327234268188,-0.0327234268188,-0.000223755836487,0,0,428.482391357,8.40539836884,0.000134692672873,0.0635538101196,401.63571167,7.87915897369,0.999149769545,-0.000850230455399,0.950805225982
18.3,0,1,0.999782621861,0.967327415943,2.04815059988e-05,0.0326725840569,0.0326725840569,-0.0326725840569,-0.000217378139496,0,0,429.982391357,8.43482398987,0.000134033936774,0.0631521046162,403.080474854,7.90750217438,0.99916203022,-0.000837969779968,0.950805225982
18.35,0,1,0.999789237976,0.96737742424,2.06855784199e-05,0.0326225757599,0.0326225757599,-0.0326225757599,-0.000210762023926,0,0,431.482391357,8.46425437927,0.000133377776365,0.0627465620637,404.525268555,7.93584823608,0.999174290895,-0.000825709104538,0.950805225982
18.4,0,1,0.999795138836,0.967426598072,2.08902692975e-05,0.0325734019279,0.0325734019279,-0.0325734019279,-0.000204861164093,0,0,432.982391357,8.49368095398,0.000132724133437,0.0623442940414,405.970153809,7.96419525146,0.999186551571,-0.000813448429108,0.950805225982
18.45,0,1,0.999801576138,0.96747481823,2.10955113289e-05,0.0325251817703,0.0325251817703,-0.0325251817703,-0.000198423862457,0,0,434.482391357,8.52310180664,0.000132073066197,0.061945900321,407.415100098,7.99254417419,0.999198812246,-0.000801187753677,0.950805225982
18.5,1,1,0.999806761742,0.967522323132,2.13012572203e-05,0.0324776768684,0.0324776768684,-0.0324776768684,-0.000193238258362,0,0,435.982391357,8.55252361298,0.000131424472784,0.0615505166352,408.860137939,8.0208940506,0.999211072922,-0.000788927078247,0.950805225982
18.55,0,1,0.999812841415,0.967568933964,2.15074451262e-05,0.0324310660362,0.0324310660362,-0.0324310660362,-0.000187158584595,0,0,437.482391357,8.58194828033,0.000130778353196,0.0611579529941,410.305236816,8.04924488068,0.999220341444,-0.000779658555984,0.950668772856
18.6,0,1,0.99981790781,0.96761494875,2.17140259338e-05,0.0323850512505,0.0323850512505,-0.0323850512505,-0.000182092189789,0,0,438.982391357,8.61137962341,0.000130134751089,0.0607680417597,411.750457764,8.07759857178,0.999229609966,-0.000770390033722,0.950668772856
18.65,0,1,0.999823451042,0.96766012907,2.19209287025e-05,0.0323398709297,0.0323398709297,-0.0323398709297,-0.000176548957825,0,0,440.482391357,8.64080047607,0.000129493579152,0.0603806450963,413.195678711,8.10595321655,0.999238878489,-0.000761121511459,0.950668772856
18.7,0,1,0.999828457832,0.967704534531,2.21281097765e-05,0.0322954654694,0.0322954654694,-0.0322954654694,-0.000171542167664,0,0,441.982391357,8.67022609711,0.000128854837385,0.059995662421,414.640960693,8.134308815,0.999248147011,-0.000751852989197,0.950668772856
18.75,0,1,0.999833166599,0.967747986317,2.23355182243e-05,0.0322520136833,0.0322520136833,-0.0322520136833,-0.000166833400726,0,0,443.482391357,8.69964694977,0.000128218525788,0.0596129931509,416.086456299,8.1626663208,0.999257415533,-0.000742584466934,0.950668772856
18.8,0,1,0.999838531017,0.967790901661,2.25430885621e-05,0.0322090983391,0.0322090983391,-0.0322090983391,-0.000161468982697,0,0,444.982391357,8.7290725708,0.000127584600705,0.0592325739563,417.531921387,8.19102478027,0.999266684055,-0.000733315944672,0.950668772856
18.85,0,1,0.999843239784,0.96783298254,2.27507789532e-05,0.0321670174599,0.0321670174599,-0.0321670174599,-0.000156760215759,0,0,446.482391357,8.75849342346,0.000126953120343,0.0588543340564,418.97744751,8.21938610077,0.999275952578,-0.000724047422409,0.950668772856
18.9,0,1,0.999847412109,0.967874348164,2.29585348279e-05,0.0321256518364,0.0321256518364,-0.0321256518364,-0.000152587890625,0,0,447.982391357,8.78792476654,0.000126323968288,0.0584782212973,420.423065186,8.24774742126,0.9992852211,-0.000714778900146,0.950668772856
18.95,0,1,0.999851584435,0.967915177345,2.31663052546e-05,0.0320848226547,0.0320848226547,-0.0320848226547,-0.000148415565491,0,0,449.482391357,8.81735038757,0.000125697202748,0.058104198426,421.868743896,8.27611064911,0.999294489622,-0.000705510377884,0.950668772856
19,1,1,0.999856114388,0.967955112457,2.33740393014e-05,0.0320448875427,0.0320448875427,-0.0320448875427,-0.000143885612488,0,0,450.982391357,8.84677124023,0.000125072750961,0.0577331371605,423.314544678,8.30447483063,0.999303758144,-0.000696241855621,0.950668772856
19.05,0,1,0.999860227108,0.967994570732,2.35816933127e-05,0.0320054292679,0.0320054292679,-0.0320054292679,-0.000139772891998,0,0,452.482391357,8.87619304657,0.000124450642033,0.0573595054448,424.760375977,8.33284091949,0.999310767651,-0.000689232349396,0.950532008992
19.1,0,1,0.99986410141,0.968033373356,2.37892145378e-05,0.0319666266441,0.0319666266441,-0.0319666266441,-0.000135898590088,0,0,453.982391357,8.90561771393,0.000123830861412,0.0569876022637,426.206298828,8.36120891571,0.999317777157,-0.00068222284317,0.950532008992
19.15,0,1,0.999867916107,0.968071460724,2.39965593209e-05,0.0319285392761,0.0319285392761,-0.0319285392761,-0.000132083892822,0,0,455.482391357,8.93505001068,0.000123213379993,0.0566182509065,427.652282715,8.3895778656,0.999324786663,-0.000675213336945,0.950532008992
19.2,0,1,0.999871730804,0.96810901165,2.42036767304e-05,0.0318909883499,0.0318909883499,-0.0318909883499,-0.000128269195557,0,0,456.982391357,8.96447467804,0.000122598168673,0.0562514998019,429.098297119,8.41794776917,0.999331796169,-0.000668203830719,0.950532008992
19.25,0,1,0.999875545502,0.96814596653,2.44105267484e-05,0.0318540334702,0.0318540334702,-0.0318540334702,-0.000124454498291,0,0,458.482391357,8.9938955307,0.0001219852129,0.0558872260153,430.544464111,8.44632053375,0.999338805676,-0.000661194324493,0.950532008992
19.3,0,1,0.999879181385,0.968182384968,2.46170602622e-05,0.0318176150322,0.0318176150322,-0.0318176150322,-0.00012081861496,0,0,459.982391357,9.02331829071,0.000121374534501,0.0555252991617,431.990661621,8.47469234467,0.999345815182,-0.000654184818268,0.950532008992
19.35,0,1,0.999882817268,0.968218028545,2.48232408921e-05,0.0317819714546,0.0317819714546,-0.0317819714546,-0.000117182731628,0,0,461.482391357,9.05274200439,0.000120766067994,0.0551656112075,433.436859131,8.5030670166,0.999352824688,-0.000647175312042,0.950532008992
19.4,0,1,0.999885976315,0.968253314495,2.50290195254e-05,0.0317466855049,0.0317466855049,-0.0317466855049,-0.000114023685455,0,0,462.982391357,9.08217430115,0.000120159849757,0.0548080503941,434.883209229,8.53144264221,0.999359834194,-0.000640165805817,0.950532008992
19.45,0,1,0.999889433384,0.96828776598,2.52343616012e-05,0.0317122340202,0.0317122340202,-0.0317122340202,-0.000110566616058,0,0,464.482391357,9.11159420013,0.000119555836136,0.0544525422156,436.329620361,8.55982017517,0.9993668437,-0.000633156299591,0.950532008992
19.5,1,1,0.999893069267,0.968321859837,2.54392161878e-05,0.0316781401634,0.0316781401634,-0.0316781401634,-0.000106930732727,0,0,465.982391357,9.14102077484,0.000118953998026,0.05409938097,437.776062012,8.58819770813,0.999373853207,-0.000626146793365,0.950532008992
19.55,0,1,0.999895989895,0.968355476856,2.56435541814e-05,0.0316445231438,0.0316445231438,-0.0316445231438,-0.000104010105133,0,0,467.482391357,9.1704416275,0.000118354371807,0.0537491627038,439.222595215,8.61657905579,0.999379169941,-0.000620830059052,0.950394628596
19.6,0,1,0.999899506569,0.968388438225,2.58473301074e-05,0.0316115617752,0.0316115617752,-0.0316115617752,-0.000100493431091,0,0,468.982391357,9.19986724854,0.000117756899272,0.0534009002149,440.669189453,8.64495944977,0.999384486675,-0.000615513324738,0.950394628596
19.65,0,1,0.999901950359,0.968420863152,2.60505094047e-05,0.0315791368484,0.0315791368484,-0.0315791368484,-9.80496406555e-05,0,0,470.482391357,9.22928714752,0.000117161587696,0.053049556911,442.115905762,8.67334270477,0.99938980341,-0.000610196590424,0.950394628596
19.7,0,1,0.999904692173,0.968452751637,2.62530538748e-05,0.0315472483635,0.0315472483635,-0.0315472483635,-9.53078269958e-05,0,0,471.982391357,9.25872135162,0.000116568422527,0.0526997074485,443.562591553,8.70172595978,0.999395120144,-0.00060487985611,0.950394628596
19.75,0,1,0.999908149242,0.968484461308,2.64546506514e-05,0.0315155386925,0.0315155386925,-0.0315155386925,-9.18507575989e-05,0,0,473.482391357,9.28814411163,0.00011597736011,0.0523522086442,445.009429932,8.73011112213,0.999400436878,-0.000599563121796,0.950394628596
19.8,0,1,0.999909877777,0.968515574932,2.66550159722e-05,0.0314844250679,0.0314844250679,-0.0314844250679,-9.01222229004e-05,0,0,474.982391357,9.31756687164,0.000115388422273,0.0520071163774,446.456329346,8.75849819183,0.999405753613,-0.000594246387482,0.950394628596
19.85,0,1,0.999912500381,0.968546152115,2.68540825346e-05,0.0314538478851,0.0314538478851,-0.0314538478851,-8.74996185303e-05,0,0,476.482391357,9.34698677063,0.000114801616292,0.0516643226147,447.90322876,8.78688621521,0.999411070347,-0.000588929653168,0.950394628596
19.9,0,1,0.999915838242,0.968576192856,2.70518085017e-05,0.0314238071442,0.0314238071442,-0.0314238071442,-8.41617584229e-05,0,0,477.982391357,9.37641239166,0.000114216869406,0.0513236932456,449.350280762,8.81527519226,0.999416387081,-0.000583612918854,0.950394628596
19.95,0,1,0.999917566776,0.968605935574,2.72481611319e-05,0.0313940644264,0.0313940644264,-0.0313940644264,-8.24332237244e-05,0,0,479.482391357,9.40584468842,0.000113634188892,0.0509851127863,450.797332764,8.84366512299,0.999421703815,-0.00057829618454,0.950394628596
20,1,1,0.999919950962,0.96863502264,2.74431240541e-05,0.0313649773598,0.0313649773598,-0.0313649773598,-8.00490379333e-05,0,0,480.982391357,9.43527126312,0.000113053589303,0.0506488569081,452.244476318,8.87205791473,0.99942702055,-0.000572979450226,0.950394628596
