event_id,condition_id,trajectory,absolute_time_s,physics_step,row,column,region_n1,inside_target,target_interior_n1,target_boundary_n1,target_interior_n2,target_boundary_n2,target_interior_n4,target_boundary_n4,signed_distance_to_target_boundary_px,local_control,scattered_control,local_intensity_mw_cm2,energy_mj_cm2,o2_before_mj_cm2,o2_diffused_mj_cm2,o2_after_mj_cm2,o2_diffusion_change_mj_cm2,tempo_before_mj_cm2,tempo_diffused_mj_cm2,tempo_after_mj_cm2,tempo_diffusion_change_mj_cm2,inhibitor_sum_before_diffusion_mj_cm2,inhibitor_sum_after_diffusion_mj_cm2,inhibition_sum_exceeds_energy,diffusion_increased_inhibitor_sum,diffusion_created_negative_dose_increment,dose_before_mj_cm2,dose_after_mj_cm2,delta_dose_mj_cm2,dose_equation_increment_mj_cm2,effective_b_per_s,curing_gate,reaction_progress_before,reaction_progress_after,delta_reaction_progress,expected_delta_reaction_progress,reaction_equation_residual,doc_before,doc_after,delta_doc,doc_change_class
1,30mW_5mM,full_power_Lshape,9.3,186,150,150,outside_target,False,False,False,False,False,False,False,-1.0,0.0,0.42087027430534363,12.626108169555664,0.6313053965568542,0.0,0.01553427241742611,0.0,0.01553427241742611,0.019103944301605225,0.6292902827262878,0.0,0.6101863384246826,0.019103944301605225,0.644824555143714,True,True,True,0.0,-0.01351916790008545,-0.01351916790008545,-0.01351916790008545,0.4686201512813568,True,0.0,-0.000501766218803823,-0.000501766218803823,-0.000501766218803823,0.0,0.0,0.0,0.0,unchanged_within_tolerance
2,30mW_5mM,full_power_Lshape,15.0,300,149,150,outside_target,False,False,False,False,False,False,False,-1.0,0.0,0.2389942705631256,7.169827938079834,0.3584913909435272,0.0,0.03453933447599411,0.0,0.03453933447599411,0.0034389495849609375,0.35536161065101624,0.0,0.3519226610660553,0.0034389495849609375,0.38990094512701035,True,True,True,0.0,-0.03140956163406372,-0.03140956163406372,-0.03140956163406372,0.43097180128097534,True,0.0,-0.001888000057078898,-0.001888000057078898,-0.001888000057078898,0.0,0.0,0.0,0.0,unchanged_within_tolerance
3,30mW_5mM,full_power_Lshape,15.0,300,150,151,outside_target,False,False,False,False,False,False,False,-1.0,0.0,0.2389942705631256,7.169827938079834,0.3584913909435272,0.0,0.03453933447599411,0.0,0.03453933447599411,0.00343891978263855,0.35536161065101624,0.0,0.3519226908683777,0.00343891978263855,0.38990094512701035,True,True,True,0.0,-0.03140956163406372,-0.03140956163406372,-0.03140956163406372,0.43097180128097534,True,0.0,-0.001888000057078898,-0.001888000057078898,-0.001888000057078898,0.0,0.0,0.0,0.0,unchanged_within_tolerance
4,30mW_5mM,full_power_Lshape,15.05,301,149,150,outside_target,False,False,False,False,False,False,False,-1.0,0.0,0.2389942705631256,7.169827938079834,0.3584913909435272,0.0,0.034403618425130844,0.0,0.034403618425130844,0.0,0.3501316010951996,0.0,0.3501316010951996,0.0,0.38453521952033043,True,True,True,-0.03140956163406372,-0.05745339393615723,-0.026043832302093506,-0.026043832302093506,0.43097180128097534,True,-0.001888000057078898,-0.0034534709993749857,-0.0015654709422960877,-0.0015654709422960877,0.0,0.0,0.0,0.0,unchanged_within_tolerance
5,30mW_5mM,full_power_Lshape,15.05,301,150,151,outside_target,False,False,False,False,False,False,False,-1.0,0.0,0.2389942705631256,7.169827938079834,0.3584913909435272,0.0,0.034403618425130844,0.0,0.034403618425130844,0.0,0.350131630897522,0.0,0.350131630897522,0.0,0.3845352493226528,True,True,True,-0.03140956163406372,-0.057453423738479614,-0.026043862104415894,-0.026043862104415894,0.43097180128097534,True,-0.001888000057078898,-0.0034534726291894913,-0.0015654725721105933,-0.0015654726885259151,1.1641532182693481e-10,0.0,0.0,0.0,unchanged_within_tolerance
6,30mW_5mM,full_power_Lshape,15.100000000000001,302,149,150,outside_target,False,False,False,False,False,False,False,-1.0,0.0,0.2389942705631256,7.169827938079834,0.3584913909435272,0.0,0.03426896780729294,0.0,0.03426896780729294,0.0,0.34647729992866516,0.0,0.34647729992866516,0.0,0.3807462677359581,True,True,True,-0.05745339393615723,-0.0797082781791687,-0.022254884243011475,-0.022254884243011475,0.43097180128097534,True,-0.0034534709993749857,-0.004791191779077053,-0.0013377207797020674,-0.0013377206632867455,-1.1641532182693481e-10,0.0,0.0,0.0,unchanged_within_tolerance
7,30mW_5mM,full_power_Lshape,15.100000000000001,302,150,151,outside_target,False,False,False,False,False,False,False,-1.0,0.0,0.2389942705631256,7.169827938079834,0.3584913909435272,0.0,0.03426896780729294,0.0,0.03426896780729294,0.0,0.34647729992866516,0.0,0.34647729992866516,0.0,0.3807462677359581,True,True,True,-0.057453423738479614,-0.07970830798149109,-0.022254884243011475,-0.022254884243011475,0.43097180128097534,True,-0.0034534726291894913,-0.004791193176060915,-0.0013377205468714237,-0.0013377206632867455,1.1641532182693481e-10,0.0,0.0,0.0,unchanged_within_tolerance
8,30mW_5mM,full_power_Lshape,15.15,303,149,150,outside_target,False,False,False,False,False,False,False,-1.0,0.0,0.2389942705631256,7.169827938079834,0.3584913909435272,0.0,0.0341353714466095,0.0,0.0341353714466095,0.0,0.3430772125720978,0.0,0.3430772125720978,0.0,0.3772125840187073,True,True,True,-0.0797082781791687,-0.09842947125434875,-0.018721193075180054,-0.018721193075180054,0.43097180128097534,True,-0.004791191779077053,-0.005916505586355925,-0.0011253138072788715,-0.0011253138072788715,0.0,0.0,0.0,0.0,unchanged_within_tolerance
9,30mW_5mM,full_power_Lshape,15.15,303,150,151,outside_target,False,False,False,False,False,False,False,-1.0,0.0,0.2389942705631256,7.169827938079834,0.3584913909435272,0.0,0.0341353714466095,0.0,0.0341353714466095,0.0,0.3430771827697754,0.0,0.3430771827697754,0.0,0.3772125542163849,True,True,True,-0.07970830798149109,-0.09842947125434875,-0.018721163272857666,-0.018721163272857666,0.43097180128097534,True,-0.004791193176060915,-0.005916505120694637,-0.0011253119446337223,-0.0011253119446337223,0.0,0.0,0.0,0.0,unchanged_within_tolerance
10,30mW_5mM,full_power_Lshape,15.200000000000001,304,149,150,outside_target,False,False,False,False,False,False,False,-1.0,0.0,0.2389942705631256,7.169827938079834,0.3584913909435272,0.0,0.03400281444191933,0.0,0.03400281444191933,0.0,0.33982470631599426,0.0,0.33982470631599426,0.0,0.3738275207579136,True,True,True,-0.09842947125434875,-0.11376559734344482,-0.01533612608909607,-0.01533612608909607,0.43097180128097534,True,-0.005916505586355925,-0.006838345900177956,-0.000921840313822031,-0.0009218405466526747,2.3283064365386963e-10,0.0,0.0,0.0,unchanged_within_tolerance
11,30mW_5mM,full_power_Lshape,15.200000000000001,304,150,151,outside_target,False,False,False,False,False,False,False,-1.0,0.0,0.2389942705631256,7.169827938079834,0.3584913909435272,0.0,0.03400281444191933,0.0,0.03400281444191933,0.0,0.33982470631599426,0.0,0.33982470631599426,0.0,0.3738275207579136,True,True,True,-0.09842947125434875,-0.11376559734344482,-0.01533612608909607,-0.01533612608909607,0.43097180128097534,True,-0.005916505120694637,-0.006838345900177956,-0.0009218407794833183,-0.0009218405466526747,-2.3283064365386963e-10,0.0,0.0,0.0,unchanged_within_tolerance
12,30mW_5mM,full_power_Lshape,15.25,305,149,150,outside_target,False,False,False,False,False,False,False,-1.0,0.0,0.2389942705631256,7.169827938079834,0.3584913909435272,0.0,0.033871281892061234,0.0,0.033871281892061234,0.0,0.3366740643978119,0.0,0.3366740643978119,0.0,0.3705453462898731,True,True,True,-0.11376559734344482,-0.12581954896450043,-0.012053951621055603,-0.012053966522216797,0.43097180128097534,True,-0.006838345900177956,-0.007562898099422455,-0.0007245521992444992,-0.0007245519664138556,-2.3283064365386963e-10,0.0,0.0,0.0,unchanged_within_tolerance
13,30mW_5mM,full_power_Lshape,15.25,305,150,151,outside_target,False,False,False,False,False,False,False,-1.0,0.0,0.2389942705631256,7.169827938079834,0.3584913909435272,0.0,0.033871281892061234,0.0,0.033871281892061234,0.0,0.3366740942001343,0.0,0.3366740942001343,0.0,0.3705453760921955,True,True,True,-0.11376559734344482,-0.12581957876682281,-0.01205398142337799,-0.012053996324539185,0.43097180128097534,True,-0.006838345900177956,-0.007562899962067604,-0.0007245540618896484,-0.0007245538290590048,-2.3283064365386963e-10,0.0,0.0,0.0,unchanged_within_tolerance
14,30mW_5mM,full_power_Lshape,15.3,306,149,150,outside_target,False,False,False,False,False,False,False,-1.0,0.0,0.2389942705631256,7.169827938079834,0.3584913909435272,0.0,0.03374077007174492,0.0,0.03374077007174492,0.0,0.33360135555267334,0.0,0.33360135555267334,0.0,0.36734212562441826,True,True,True,-0.12581954896450043,-0.13467028737068176,-0.008850738406181335,-0.008850723505020142,0.43097180128097534,True,-0.007562898099422455,-0.008094907738268375,-0.0005320096388459206,-0.0005320097552612424,1.1641532182693481e-10,0.0,0.0,0.0,unchanged_within_tolerance
15,30mW_5mM,full_power_Lshape,15.3,306,150,151,outside_target,False,False,False,False,False,False,False,-1.0,0.0,0.2389942705631256,7.169827938079834,0.3584913909435272,0.0,0.03374077007174492,0.0,0.03374077007174492,0.0,0.33360135555267334,0.0,0.33360135555267334,0.0,0.36734212562441826,True,True,True,-0.12581957876682281,-0.13467031717300415,-0.008850738406181335,-0.008850723505020142,0.43097180128097534,True,-0.007562899962067604,-0.008094909600913525,-0.0005320096388459206,-0.0005320097552612424,1.1641532182693481e-10,0.0,0.0,0.0,unchanged_within_tolerance
16,30mW_5mM,full_power_Lshape,15.350000000000001,307,149,150,outside_target,False,False,False,False,False,False,False,-1.0,0.0,0.2389942705631256,7.169827938079834,0.3584913909435272,0.0,0.03361125662922859,0.0,0.03361125662922859,0.0,0.3305923044681549,0.0,0.3305923044681549,0.0,0.3642035610973835,True,True,True,-0.13467028737068176,-0.14038245379924774,-0.005712166428565979,-0.005712181329727173,0.43097180128097534,True,-0.008094907738268375,-0.008438261225819588,-0.0003433534875512123,-0.0003433531092014164,-3.7834979593753815e-10,0.0,0.0,0.0,unchanged_within_tolerance
17,30mW_5mM,full_power_Lshape,15.350000000000001,307,150,151,outside_target,False,False,False,False,False,False,False,-1.0,0.0,0.2389942705631256,7.169827938079834,0.3584913909435272,0.0,0.03361126035451889,0.0,0.03361126035451889,0.0,0.3305922746658325,0.0,0.3305922746658325,0.0,0.3642035350203514,True,True,True,-0.13467031717300415,-0.14038246870040894,-0.005712151527404785,-0.005712151527404785,0.43097180128097534,True,-0.008094909600913525,-0.008438262157142162,-0.0003433525562286377,-0.00034335217787884176,-3.7834979593753815e-10,0.0,0.0,0.0,unchanged_within_tolerance
18,30mW_5mM,full_power_Lshape,15.4,308,149,150,outside_target,False,False,False,False,False,False,False,-1.0,0.0,0.2389942705631256,7.169827938079834,0.3584913909435272,0.0,0.033482737839221954,0.0,0.033482737839221954,0.0,0.327637642621994,0.0,0.327637642621994,0.0,0.361120380461216,True,True,True,-0.14038245379924774,-0.1430114507675171,-0.002628996968269348,-0.0026289820671081543,0.43097180128097534,True,-0.008438261225819588,-0.008596288040280342,-0.0001580268144607544,-0.00015802659618202597,-2.1827872842550278e-10,0.0,0.0,0.0,unchanged_within_tolerance
19,30mW_5mM,full_power_Lshape,15.4,308,150,151,outside_target,False,False,False,False,False,False,False,-1.0,0.0,0.2389942705631256,7.169827938079834,0.3584913909435272,0.0,0.033482737839221954,0.0,0.033482737839221954,0.0,0.327637642621994,0.0,0.327637642621994,0.0,0.361120380461216,True,True,True,-0.14038246870040894,-0.1430114507675171,-0.0026289820671081543,-0.0026289820671081543,0.43097180128097534,True,-0.008438262157142162,-0.008596288040280342,-0.00015802588313817978,-0.00015802570851519704,-1.7462298274040222e-10,0.0,0.0,0.0,unchanged_within_tolerance
20,30mW_5mM,full_power_Lshape,19.700000000000003,394,148,150,outside_target,False,False,False,False,False,False,False,-1.0,0.0,0.2389942705631256,7.169827938079834,0.3584913909435272,0.0,0.05025689676403999,0.0,0.05025689676403999,0.0018668770790100098,0.3563416600227356,0.0,0.3544747829437256,0.0018668770790100098,0.4065985567867756,True,True,True,0.0,-0.04810717701911926,-0.04810717701911926,-0.04810717701911926,0.43097180128097534,True,0.0,-0.002891678363084793,-0.002891678363084793,-0.002891678363084793,0.0,0.0,0.0,0.0,unchanged_within_tolerance
21,30mW_5mM,full_power_Lshape,19.700000000000003,394,150,152,outside_target,False,False,False,False,False,False,False,-1.0,0.0,0.2389942705631256,7.169827938079834,0.3584913909435272,0.0,0.050256893038749695,0.0,0.050256893038749695,0.0018668770790100098,0.3563416004180908,0.0,0.3544747233390808,0.0018668770790100098,0.4065984934568405,True,True,True,0.0,-0.0481070876121521,-0.0481070876121521,-0.0481070876121521,0.43097180128097534,True,0.0,-0.002891673007979989,-0.002891673007979989,-0.002891673007979989,0.0,0.0,0.0,0.0,unchanged_within_tolerance
22,30mW_5mM,full_power_Lshape,19.75,395,148,150,outside_target,False,False,False,False,False,False,False,-1.0,0.0,0.2389942705631256,7.169827938079834,0.3584913909435272,0.0,0.050113286823034286,0.0,0.050113286823034286,0.0,0.35314416885375977,0.0,0.35314416885375977,0.0,0.40325745567679405,True,True,True,-0.04810717701911926,-0.09287324547767639,-0.04476606845855713,-0.04476606845855713,0.43097180128097534,True,-0.002891678363084793,-0.005582525860518217,-0.002690847497433424,-0.002690847497433424,0.0,0.0,0.0,0.0,unchanged_within_tolerance
23,30mW_5mM,full_power_Lshape,19.75,395,150,152,outside_target,False,False,False,False,False,False,False,-1.0,0.0,0.2389942705631256,7.169827938079834,0.3584913909435272,0.0,0.050113286823034286,0.0,0.050113286823034286,0.0,0.3531441390514374,0.0,0.3531441390514374,0.0,0.40325742587447166,True,True,True,-0.0481070876121521,-0.09287312626838684,-0.04476603865623474,-0.04476603865623474,0.43097180128097534,True,-0.002891673007979989,-0.0055825188755989075,-0.0026908458676189184,-0.0026908456347882748,-2.3283064365386963e-10,0.0,0.0,0.0,unchanged_within_tolerance
24,30mW_5mM,full_power_Lshape,19.8,396,148,150,outside_target,False,False,False,False,False,False,False,-1.0,0.0,0.2389942705631256,7.169827938079834,0.3584913909435272,0.0,0.04997050017118454,0.0,0.04997050017118454,0.0,0.35072219371795654,0.0,0.35072219371795654,0.0,0.4006926938891411,True,True,True,-0.09287324547767639,-0.13507455587387085,-0.04220131039619446,-0.04220131039619446,0.43097180128097534,True,-0.005582525860518217,-0.008119207806885242,-0.0025366819463670254,-0.002536682179197669,2.3283064365386963e-10,0.0,0.0,0.0,unchanged_within_tolerance
25,30mW_5mM,full_power_Lshape,19.8,396,150,152,outside_target,False,False,False,False,False,False,False,-1.0,0.0,0.2389942705631256,7.169827938079834,0.3584913909435272,0.0,0.04997050017118454,0.0,0.04997050017118454,0.0,0.35072219371795654,0.0,0.35072219371795654,0.0,0.4006926938891411,True,True,True,-0.09287312626838684,-0.1350744366645813,-0.04220131039619446,-0.04220131039619446,0.43097180128097534,True,-0.0055825188755989075,-0.00811920128762722,-0.0025366824120283127,-0.002536682179197669,-2.3283064365386963e-10,0.0,0.0,0.0,unchanged_within_tolerance
26,30mW_5mM,full_power_Lshape,19.85,397,148,150,outside_target,False,False,False,False,False,False,False,-1.0,0.0,0.2389942705631256,7.169827938079834,0.3584913909435272,0.0,0.04982852190732956,0.0,0.04982852190732956,0.0,0.34841641783714294,0.0,0.34841641783714294,0.0,0.3982449397444725,True,True,True,-0.13507455587387085,-0.17482811212539673,-0.03975355625152588,-0.03975355625152588,0.43097180128097534,True,-0.008119207806885242,-0.010508758015930653,-0.00238955020904541,-0.0023895499762147665,-2.3283064365386963e-10,0.0,0.0,0.0,unchanged_within_tolerance
27,30mW_5mM,full_power_Lshape,19.85,397,150,152,outside_target,False,False,False,False,False,False,False,-1.0,0.0,0.2389942705631256,7.169827938079834,0.3584913909435272,0.0,0.04982852190732956,0.0,0.04982852190732956,0.0,0.34841638803482056,0.0,0.34841638803482056,0.0,0.3982449099421501,True,True,True,-0.1350744366645813,-0.1748279631137848,-0.03975352644920349,-0.03975352644920349,0.43097180128097534,True,-0.00811920128762722,-0.010508749634027481,-0.002389548346400261,-0.0023895481135696173,-2.3283064365386963e-10,0.0,0.0,0.0,unchanged_within_tolerance
28,30mW_5mM,full_power_Lshape,19.900000000000002,398,148,150,outside_target,False,False,False,False,False,False,False,-1.0,0.0,0.2389942705631256,7.169827938079834,0.3584913909435272,0.0,0.049687355756759644,0.0,0.049687355756759644,0.0,0.3461848497390747,0.0,0.3461848497390747,0.0,0.39587220549583435,True,True,True,-0.17482811212539673,-0.21220892667770386,-0.03738081455230713,-0.03738081455230713,0.43097180128097534,True,-0.010508758015930653,-0.012755684554576874,-0.002246926538646221,-0.002246926538646221,0.0,0.0,0.0,0.0,unchanged_within_tolerance
29,30mW_5mM,full_power_Lshape,19.900000000000002,398,150,152,outside_target,False,False,False,False,False,False,False,-1.0,0.0,0.2389942705631256,7.169827938079834,0.3584913909435272,0.0,0.049687355756759644,0.0,0.049687355756759644,0.0,0.3461848497390747,0.0,0.3461848497390747,0.0,0.39587220549583435,True,True,True,-0.1748279631137848,-0.21220877766609192,-0.03738081455230713,-0.03738081455230713,0.43097180128097534,True,-0.010508749634027481,-0.012755676172673702,-0.002246926538646221,-0.002246926538646221,0.0,0.0,0.0,0.0,unchanged_within_tolerance
30,30mW_5mM,full_power_Lshape,19.950000000000003,399,148,150,outside_target,False,False,False,False,False,False,False,-1.0,0.0,0.2389942705631256,7.169827938079834,0.3584913909435272,0.0,0.0495469868183136,0.0,0.0495469868183136,0.0,0.344007670879364,0.0,0.344007670879364,0.0,0.3935546576976776,True,True,True,-0.21220892667770386,-0.24727219343185425,-0.03506326675415039,-0.03506326675415039,0.43097180128097534,True,-0.012755684554576874,-0.014863305725157261,-0.002107621170580387,-0.0021076209377497435,-2.3283064365386963e-10,0.0,0.0,0.0,unchanged_within_tolerance
31,30mW_5mM,full_power_Lshape,19.950000000000003,399,150,152,outside_target,False,False,False,False,False,False,False,-1.0,0.0,0.2389942705631256,7.169827938079834,0.3584913909435272,0.0,0.0495469868183136,0.0,0.0495469868183136,0.0,0.3440077006816864,0.0,0.3440077006816864,0.0,0.3935546875,True,True,True,-0.21220877766609192,-0.2472720742225647,-0.03506329655647278,-0.03506329655647278,0.43097180128097534,True,-0.012755676172673702,-0.014863299205899239,-0.0021076230332255363,-0.002107622567564249,-4.656612873077393e-10,0.0,0.0,0.0,unchanged_within_tolerance
32,30mW_5mM,full_power_Lshape,20.0,400,148,150,outside_target,False,False,False,False,False,False,False,-1.0,0.0,0.2389942705631256,7.169827938079834,0.3584913909435272,0.0,0.049407411366701126,0.0,0.049407411366701126,0.0,0.34187352657318115,0.0,0.34187352657318115,0.0,0.3912809379398823,True,True,True,-0.24727219343185425,-0.2800617516040802,-0.03278955817222595,-0.03278955817222595,0.43097180128097534,True,-0.014863305725157261,-0.016834255307912827,-0.0019709495827555656,-0.0019709502812474966,6.984919309616089e-10,0.0,0.0,0.0,unchanged_within_tolerance
33,30mW_5mM,full_power_Lshape,20.0,400,150,152,outside_target,False,False,False,False,False,False,False,-1.0,0.0,0.2389942705631256,7.169827938079834,0.3584913909435272,0.0,0.04940740764141083,0.0,0.04940740764141083,0.0,0.34187355637550354,0.0,0.34187355637550354,0.0,0.39128096401691437,True,True,True,-0.2472720742225647,-0.28006166219711304,-0.03278958797454834,-0.03278955817222595,0.43097180128097534,True,-0.014863299205899239,-0.016834251582622528,-0.0019709523767232895,-0.001970952143892646,-2.3283064365386963e-10,0.0,0.0,0.0,unchanged_within_tolerance
