20mW_0mM_TEMPO_T1_Time_s,20mW_0mM_TEMPO_T1_Frame,20mW_0mM_TEMPO_T1_OffsetROI_Intensity,20mW_0mM_TEMPO_T1_CenterROI_Intensity,20mW_0mM_TEMPO_T2_Time_s,20mW_0mM_TEMPO_T2_Frame,20mW_0mM_TEMPO_T2_OffsetROI_Intensity,20mW_0mM_TEMPO_T2_CenterROI_Intensity,20mW_0mM_TEMPO_T3_Time_s,20mW_0mM_TEMPO_T3_Frame,20mW_0mM_TEMPO_T3_OffsetROI_Intensity,20mW_0mM_TEMPO_T3_CenterROI_Intensity,20mW_0mM_TEMPO_T4_Time_s,20mW_0mM_TEMPO_T4_Frame,20mW_0mM_TEMPO_T4_OffsetROI_Intensity,20mW_0mM_TEMPO_T4_CenterROI_Intensity,20mW_0mM_TEMPO_T5_Time_s,20mW_0mM_TEMPO_T5_Frame,20mW_0mM_TEMPO_T5_OffsetROI_Intensity,20mW_0mM_TEMPO_T5_CenterROI_Intensity,20mW_5mM_TEMPO_T1_Time_s,20mW_5mM_TEMPO_T1_Frame,20mW_5mM_TEMPO_T1_OffsetROI_Intensity,20mW_5mM_TEMPO_T1_CenterROI_Intensity,20mW_5mM_TEMPO_T2_Time_s,20mW_5mM_TEMPO_T2_Frame,20mW_5mM_TEMPO_T2_OffsetROI_Intensity,20mW_5mM_TEMPO_T2_CenterROI_Intensity,20mW_5mM_TEMPO_T3_Time_s,20mW_5mM_TEMPO_T3_Frame,20mW_5mM_TEMPO_T3_OffsetROI_Intensity,20mW_5mM_TEMPO_T3_CenterROI_Intensity
0,0,418.4358209,407.6056996,0,0,393.0746269,388.8325158,0,0,285.2408889,306.7657089,0,0,359.721393,358.1443588,0,0,286.9333333,293.0941369,0,0,290.4517413,292.6352186,0,0,228.6965174,210.2879723,0,0,252.9910448,255.1187948
0.05,1,851.2636816,818.2723663,0.049,1,829.0069652,861.0885307,0.05,1,814.7911111,826.2480729,0.049,1,854.4955224,840.3756132,0.05,1,787.3432836,812.1205326,0.05,1,805.4129353,813.9728328,0.05,1,807.9761194,800.2963695,0.05,1,804.3303483,811.4398617
0.1,2,835.7412935,829.1408549,0.1,2,825.3930348,832.3550572,0.1,2,857.7137778,847.7122168,0.1,2,824.6288557,835.0759168,0.1,2,763.9084577,786.7432843,0.1,2,801.3850746,828.8150161,0.1,2,834.2288557,802.3037787,0.1,2,799.2039801,811.7362312
0.15,3,812.0517413,826.8161644,0.149,3,871.0368159,867.4608736,0.151,3,891.0506667,876.6512497,0.15,3,835.5343284,836.5970568,0.152,3,782.6626866,810.3302967,0.2,3,842.2208955,823.3776241,0.15,3,816.238806,819.5682885,0.15,3,803.040796,812.1195357
0.2,4,826.1094527,816.7587012,0.2,4,812.5771144,851.2553142,0.201,4,792.2346667,837.5762672,0.2,4,808.7084577,831.0955384,0.2,4,802.2288557,820.5260453,0.25,4,809.679602,813.9925908,0.2,4,804.7283582,808.2983453,0.199,4,818.5950249,795.0605088
0.25,5,847.8567164,830.4975473,0.249,5,808.358209,841.0371409,0.25,5,841.5288889,850.6199486,0.25,5,837.9701493,829.7724831,0.25,5,828.9273632,836.5783695,0.35,5,814.4716418,834.4025685,0.25,5,845.8348259,821.0896518,0.25,5,794.6666667,802.1970857
0.301,6,854.6865672,822.9740715,0.3,6,852.3303483,847.831815,0.3,6,830.8195556,850.4816632,0.299,6,858.6666667,846.5648213,0.3,6,873.1860697,876.3036674,0.45,6,829.1343284,802.3077303,0.299,6,797.6597015,813.5776735,0.3,6,807.8646766,815.0950852
0.351,7,860.5293532,826.6143424,0.35,7,883.2636816,866.2349918,0.35,7,813.696,830.9161411,0.35,7,848.9393035,827.3356692,0.35,7,964.1233831,947.8047185,0.55,7,817.8945274,827.281798,0.35,7,809.2338308,822.8441591,0.349,7,797.7074627,794.6534947
0.401,8,813.19801,839.3851904,0.401,8,944,902.7498248,0.4,8,899.0151111,872.8913805,0.399,8,864.7641791,871.7888344,0.4,8,1049.647761,1043.075917,0.65,8,825.2656716,832.9641887,0.4,8,807.5144279,820.9276365,0.399,8,838.8776119,823.7490738
0.451,9,861.5323383,867.1581406,0.449,9,902.00199,930.933894,0.45,9,885.9306667,919.9682317,0.45,9,888.5492537,929.6743751,0.451,9,1171.486567,1130.861014,0.7,9,830.2169154,827.175105,0.45,9,813.3253731,800.5137071,0.45,9,810.9054726,819.8211904
0.5,10,866.5154229,894.9647279,0.501,10,1009.576119,1000.222378,0.5,10,960.1706667,958.2882504,0.499,10,994.8497512,984.2784396,0.5,10,1278.057711,1281.502453,0.75,10,848.6527363,837.524327,0.5,10,800.0318408,816.252902,0.499,10,823.1164179,808.3694739
0.551,11,962.0378109,946.8965195,0.55,11,1056.748259,1068.722261,0.55,11,1041.28,1029.288484,0.55,11,1082.157214,1084.479327,0.552,11,1453.962189,1462.181733,0.8,11,820.6328358,818.4895036,0.55,11,806.7343284,819.2600642,0.55,11,802.7383085,808.1916523
0.6,12,1041.878607,1030.682551,0.601,12,1192.071642,1204.57837,0.6,12,1153.777778,1184.967998,0.599,12,1220.600995,1182.232189,0.6,12,1677.707463,1641.451997,0.85,12,829.3094527,825.7406767,0.6,12,796.0039801,804.8881205,0.599,12,817.5761194,811.2106693
0.65,13,1119.426866,1118.247139,0.649,13,1283.789055,1305.590283,0.65,13,1268.608,1252.398972,0.65,13,1325.070647,1318.899323,0.65,13,1879.705473,1895.863583,0.9,13,806.7024876,819.3193381,0.649,13,832.3820896,823.8557669,0.65,13,826.6507463,814.6446036
0.701,14,1246.439801,1226.524644,0.699,14,1518.599005,1476.638169,0.7,14,1480.348444,1467.829012,0.699,14,1484.370149,1485.10348,0.702,14,2191.20398,2172.976407,0.95,14,828.6885572,832.9207212,0.7,14,832.5731343,830.2771055,0.7,14,798.3283582,802.9202272
0.751,15,1382.575124,1378.507825,0.75,15,1696.222886,1713.87246,0.752,15,1644.615111,1664.549404,0.749,15,1765.826866,1689.586545,0.75,15,2502.224876,2488.925018,1,15,833.8467662,830.087429,0.75,15,823.6258706,810.388738,0.75,15,797.3412935,816.233144
0.8,16,1568.254726,1563.690726,0.8,16,1936.270647,1989.73324,0.8,16,1887.232,1898.098575,0.8,16,1980.513433,1933.312777,0.802,16,2882.276617,2855.112357,1.05,16,827.7810945,810.7127686,0.8,16,821.6517413,817.6478143,0.8,16,799.3631841,809.4166461
0.85,17,1780.823881,1752.977342,0.849,17,2226.451741,2252.509227,0.85,17,2145.678222,2192.433544,0.85,17,2210.929353,2219.515067,0.85,17,3293.436816,3261.30904,1.101,17,815.7293532,812.2696962,0.85,17,828.1154229,811.8389726,0.85,17,794.7621891,810.4717214
0.9,18,2024.485572,1988.735342,0.899,18,2592.987065,2627.759869,0.9,18,2492.629333,2532.555945,0.899,18,2562.770149,2536.469049,0.902,18,3718.447761,3765.25111,1.2,18,829.0865672,822.7335144,0.899,18,816.9870647,819.2679674,0.9,18,801.8626866,818.8332922
0.95,19,2327.514428,2272.904462,0.949,19,3119.092537,3113.762205,0.95,19,3127.921778,3101.092268,0.95,19,2957.5801,2903.964494,0.951,19,4342.352239,4294.222845,1.25,19,814.6945274,805.4927143,0.95,19,788.9512438,823.6858484,0.95,19,819.5661692,817.6399111
1,20,2679.769154,2621.013782,0.999,20,3330.117413,3461.826676,1,20,3292.728889,3374.714319,0.999,20,3338.41194,3353.06704,1,20,4886.336318,4872.715721,1.3,20,825.2975124,807.7451223,0.999,20,805.5721393,806.3423067,1,20,803.8368159,817.9639417
1.05,21,3033.99801,2961.816398,1.049,21,3864.071642,4001.001635,1.051,21,3824.739556,3892.421397,1.05,21,3801.456716,3812.925952,1.051,21,5523.900498,5562.195749,1.35,21,801.878607,818.145715,1.05,21,802.1333333,824.0533465,1.05,21,820.6328358,809.4522104
1.101,22,3523.852736,3400.431675,1.1,22,4373.731343,4575.387059,1.1,22,4335.132444,4472.431675,1.1,22,4326.845771,4366.475123,1.1,22,6147.693532,6176.52698,1.4,22,827.8129353,830.2889602,1.1,22,804.4577114,814.8777476,1.099,22,816.6049751,801.2842677
1.15,23,4057.233831,3907.311376,1.15,23,4954.332338,5240.962392,1.15,23,4765.368889,4999.75146,1.15,23,4947.024876,4962.533987,1.152,23,6781.564179,6841.829479,1.45,23,834.2925373,830.4233144,1.149,23,823.4348259,811.7678439,1.149,23,820.2189055,818.1299086
1.2,24,4553.249751,4407.856108,1.201,24,5867.367164,6094.004205,1.2,24,5589.845333,5762.440551,1.199,24,5519.331343,5611.877599,1.2,24,7573.237811,7700.858678,1.5,24,815.5383085,821.2872314,1.2,24,810.0457711,817.2487034,1.2,24,797.7552239,813.0560632
1.25,25,5099.000995,4979.722495,1.249,25,6264.581095,6615.72156,1.25,25,6107.150222,6501.785564,1.251,25,6178.324378,6338.122868,1.252,25,8328.00796,8472.371876,1.55,25,796.4179104,808.3181032,1.25,25,812.3860697,815.5100025,1.25,25,786.1174129,813.9175105
1.3,26,5685.906468,5571.386125,1.301,26,7054.041791,7484.180332,1.3,26,6743.082667,7256.031768,1.3,26,6959.570149,7040.220509,1.3,26,9185.082587,9293.406214,1.6,26,847.7930348,823.1207706,1.3,26,822.7502488,822.5043221,1.3,26,836.3781095,816.5018523
1.35,27,6453.779104,6267.339407,1.349,27,7627.048756,8180.342911,1.35,27,7632.497778,8197.57253,1.351,27,7699.040796,7860.937164,1.35,27,9933.962189,10130.36954,1.65,27,831.761194,826.8076068,1.35,27,825.20199,821.7811805,1.35,27,828.9751244,818.572487
1.4,28,7142.049751,6950.577902,1.399,28,8514.356219,9155.247839,1.402,28,8457.230222,9167.921514,1.4,28,8374.957214,8673.790236,1.401,28,10852.8398,11043.52067,1.7,28,814.9014925,826.3808348,1.399,28,816.4457711,803.8962707,1.4,28,806.6865672,810.8194616
1.452,29,7895.753234,7660.527914,1.449,29,9276.768159,9834.42747,1.451,29,9055.047111,9800.581173,1.449,29,9077.667662,9455.540294,1.45,29,11689.61592,11859.44966,1.8,29,800.2865672,816.1541121,1.45,29,833.799005,825.4324525,1.45,29,770.1174129,800.3872561
1.5,30,8730.093532,8444.083158,1.5,30,10111.09254,10735.20766,1.5,30,10324.89244,11110.02476,1.5,30,10018.14925,10473.60897,1.5,30,12379.04876,12696.64845,1.85,30,807.6736318,825.9540627,1.5,30,833.6238806,829.9728328,1.5,30,819.3432836,800.6915288
1.551,31,9465.488557,9233.782761,1.551,31,11091.8209,12102.66386,1.55,31,10886.88356,12021.32586,1.549,31,10984.77214,11447.55338,1.55,31,13281.25771,13484.55408,2.1,31,815.5701493,834.932082,1.55,31,801.8945274,800.2924179,1.549,31,807.1004975,804.0306248
1.6,32,10337.60796,10021.82668,1.6,32,11880.61294,13079.40762,1.6,32,11552.82489,12644.84373,1.599,32,11716.90348,12203.29082,1.602,32,14060.65672,14365.97057,3.25,32,828.9114428,831.8024204,1.599,32,815.3313433,802.9676463,1.599,32,799.7293532,824.3773771
1.651,33,11080.40597,10853.25111,1.65,33,12874.73035,13805.23055,1.651,33,12553.13067,14052.59706,1.649,33,12568.8995,13125.87526,1.65,33,14865.13035,15129.48563,3.9,33,855.1004975,869.1054581,1.65,33,811.2079602,812.7715485,1.65,33,801.400995,813.5104964
1.701,34,11911.00498,11688.63723,1.699,34,13569.28955,14985.33987,1.7,34,13375.81511,15063.23569,1.699,34,13304.45373,14001.49124,1.7,34,15581.11841,15940.63069,4.2,34,1065.743284,1063.879476,1.699,34,816.5731343,808.8120524,1.7,34,804.2507463,813.8621882
1.75,35,12783.53831,12590.07148,1.75,35,15379.40697,16499.65522,1.75,35,15580.23111,16857.72483,1.749,35,14164.71244,14903.71409,1.75,35,16413.18209,16740.37655,4.3,35,1233.783085,1198.822425,1.75,35,816.0636816,810.7246234,1.75,35,818.9134328,811.2343789
1.801,36,13511.75323,13357.72016,1.8,36,15306.63483,16726.33497,1.8,36,15107.79733,16988.70731,1.8,36,14870.63881,15816.92875,1.801,36,17132.44975,17499.90376,4.7,36,2424.246766,2365.000741,1.8,36,776.1830846,815.5020993,1.799,36,820.2348259,804.7142504
1.85,37,14389.68358,14107.2385,1.849,37,16211.47065,18102.52558,1.85,37,15824.66844,18000.14576,1.85,37,15729.62388,16663.88601,1.85,37,17793.11443,18176.71759,4.9,37,3418.157214,3401.977772,1.85,37,816.1432836,810.1832551,1.849,37,812.8636816,805.5006174
1.901,38,15237.71542,14931.56552,1.899,38,16894.18507,18750.88624,1.9,38,16828.44444,18717.48844,1.9,38,16507.04876,17578.19575,1.902,38,18503.65771,18948.75403,4.95,38,3706.475622,3656.871326,1.9,38,797.1661692,809.6063225,1.9,38,806.0179104,810.9893801
1.95,39,15847.68955,15590.41719,1.949,39,17683.70945,19446.02476,2,39,18278.86933,20544.88577,1.949,39,17243.09652,18426.16585,1.95,39,19206.87761,19643.10021,5.05,39,4391.068657,4286.281057,1.949,39,786.7542289,805.8365028,1.949,39,829.1820896,816.6322549
2,40,16723.72537,16507.88507,1.999,40,19026.45174,20907.758,2.051,40,19053.59644,21382.30133,2,40,18076.92736,19273.13805,2.001,40,19814.00199,20352.82971,5.15,40,5043.61393,4935.464559,2,40,810.2686567,812.2894542,2,40,820.8079602,809.4996295
2.051,41,17731.47065,17384.96239,2.05,41,19014.51144,21379.57673,2.1,41,19590.04444,22558.57977,2.05,41,18659.91642,19986.84046,2.05,41,20426.44378,20967.44499,5.35,41,6525.850746,6408.436651,2.05,41,804.7124378,814.3719437,2.049,41,790.9731343,818.23265
2.101,42,18180.28259,18005.8491,2.099,42,19863.37114,21897.24644,2.15,42,20319.00444,23345.22214,2.099,42,19378.22886,20770.73207,2.101,42,21048.53333,21557.55011,6.05,42,12396.1791,12344.62238,2.1,42,824.9154229,822.0064213,2.1,42,810.841791,828.5186466
2.151,43,18876.51343,18690.94137,2.151,43,20377.37711,22964.94464,2.3,43,23086.91911,25888.7587,2.15,43,19909.87463,21499.39921,2.15,43,21494.43184,22111.38706,6.15,43,13383.54627,13254.42134,2.15,43,796.8477612,799.4388738,2.149,43,826.4437811,809.7643863
2.2,44,19604.58507,19373.71642,2.2,44,20962.14925,23750.47699,2.351,44,22779.27822,26290.42186,2.201,44,20647.35522,22192.79234,2.202,44,21752.05572,22437.03808,6.4,44,15618.72239,15661.94912,2.2,44,816.0477612,811.961472,2.2,44,830.3761194,796.728081
2.25,45,20262.52736,20045.86966,2.249,45,21077.73134,23439.90283,2.451,45,23910.74133,27636.64564,2.25,45,21343.02886,23002.95071,2.25,45,22689.41692,23342.00047,6.5,45,16564.6806,16622.03606,2.249,45,841.679602,803.6907878,2.25,45,802.4199005,805.0422327
2.3,46,20970.76219,20700.88671,2.299,46,22335.33134,24924.27751,2.55,46,26389.632,29576.00561,2.302,46,21787.66965,23550.09017,2.302,46,23318.79801,23986.11539,6.601,46,17546.47562,17690.63769,2.3,46,800.5253731,816.0908866,2.3,46,797.1343284,807.7372191
2.35,47,21505.54428,21348.21957,2.351,47,22853.22189,25770.76384,2.65,47,25954.03378,29767.6655,2.4,47,23036.9592,24732.04952,2.35,47,23454.82189,24200.11773,6.65,47,18077.51642,18139.79551,2.351,47,815.0606965,820.184737,2.35,47,783.1243781,810.2069647
2.4,48,22063.1403,21955.26279,2.399,48,23431.51443,26424.38683,2.7,48,26415.60178,29854.72927,2.45,48,23404.8,25324.52418,2.401,48,24157.91443,24677.25858,6.75,48,19207.59403,19277.00864,2.4,48,819.6298507,820.5561867,2.4,48,792.358209,822.8797234
2.451,49,22768.54129,22557.53329,2.449,49,23561.48856,26504.89886,2.75,49,26791.82222,30765.34641,2.499,49,24095.47463,26013.55945,2.45,49,24487.68955,25177.17916,6.9,49,20706.2607,20552.00198,2.45,49,783.9522388,811.9654236,2.45,49,797.4049751,806.4885157
2.5,50,23189.09453,23244.98014,2.5,50,24572.19502,27527.26559,2.8,50,26974.39289,30210.75823,2.549,50,24453.28557,26377.34735,2.501,50,24938.36418,25628.25882,7.05,50,22214.76617,22029.8859,2.5,50,810.7144279,828.4751791,2.501,50,801.1781095,807.8043961
2.551,51,23595.89254,23614.87877,2.549,51,26826.80995,29335.14599,2.95,51,28170.26844,32552.06541,2.649,51,25380.44179,27438.06774,2.552,51,25318.28856,25956.81009,7.201,51,23462.68657,23137.65967,2.55,51,793.4885572,822.4648061,2.599,51,815.6338308,808.6105211
2.6,52,24277.50846,24195.61785,2.6,52,24952.83582,28177.8463,3,52,28691.66933,32497.61084,2.699,52,26010.57114,27896.05046,2.6,52,25637.19005,26383.53282,7.35,52,25175.21194,24654.37985,2.6,52,815.8726368,823.456656,2.699,52,808.7880597,806.9587552
2.65,53,24722.08557,24608.56062,2.649,53,25871.34726,29294.92362,3.051,53,28945.84889,33370.84233,2.751,53,26021.28557,28220.06821,2.65,53,25989.09453,26793.99019,7.55,53,27035.22388,26539.4122,2.649,53,820.7761194,824.5710052,2.949,53,834.0537313,812.8466288
2.701,54,25203.59801,25089.36417,2.7,54,26304.9393,29872.49334,3.15,54,29687.168,33557.8192,2.799,54,26432.74826,28590.37421,2.7,54,26493.16617,27279.67858,7.602,54,27620.36219,27174.35416,2.7,54,788.6646766,813.1113855,3.1,54,813.9940299,812.2025191
2.75,55,25797.65174,25727.13291,2.749,55,26742.60697,29774.10885,3.202,55,29818.73778,34401.22588,2.899,55,27464.50149,29697.79771,2.75,55,26780.73632,27540.7615,7.75,55,29246.75821,28778.0568,2.75,55,819.6298507,816.6441097,3.301,55,814.0895522,828.3289701
2.8,56,26086.62289,26043.94487,2.8,56,28289.52836,31104.96052,3.3,56,30403.66933,34930.29853,2.949,56,27673.71144,29968.50829,2.8,56,27032.34229,27848.89138,8,56,31503.1403,31386.86293,2.901,56,830.121393,797.0165473,3.45,56,833.1144279,828.1432452
2.85,57,26499.16816,26425.44078,2.9,57,27921.5602,31104.00747,3.35,57,32380.84267,36408.61107,3,57,28092.60896,30316.90166,2.852,57,27558.90945,28294.14062,8.252,57,33850.71443,33727.65226,3,57,824.9154229,826.1318844,3.749,57,823.0208955,850.6633737
2.901,58,26876.59303,26857.70614,2.949,58,28205.4209,31904.8185,3.4,58,30921.48622,35498.78253,3.099,58,28726.22488,31032.02429,2.9,58,27688.80398,28476.84933,8.452,58,35523.13632,35434.57446,3.101,58,817.0507463,812.408002,3.85,58,872.1512438,873.8394665
2.952,59,27250.83383,27269.83041,2.999,59,28911.31542,32576.69143,3.45,59,31108.12444,35719.26185,3.149,59,28870.89353,31329.20719,2.952,59,27829.44478,28741.39313,8.75,59,37988.45771,37882.14769,3.15,59,789.7313433,811.6137318,3.9,59,876.1791045,892.60163
3,60,27805.08657,27634.3658,3.099,60,29462.30448,32724.0028,3.551,60,31766.62756,36200.62976,3.249,60,29461.74726,31961.81079,3,60,28367.07662,29131.8178,9.151,60,40552.70846,40707.29563,3.249,60,791.2756219,825.5430971,4.051,60,985.3930348,977.7426525
3.052,61,27911.65771,27835.13011,3.15,61,29701.66766,33509.99112,3.6,61,31508.93511,35396.73908,3.301,61,29670.00199,32273.7267,3.05,61,28530.19701,29267.17309,9.4,61,41634.80199,41682.13386,3.3,61,818.4039801,824.1679427,4.199,61,1130.284577,1142.132872
3.1,62,28408.45373,28433.18477,3.199,62,29557.90647,33144.98482,3.65,62,31640.20622,35582.89372,3.349,62,30034.06965,32642.15277,3.1,62,28717.48458,29594.49848,9.55,62,42274.4199,42379.4201,3.349,62,816.7641791,826.5309953,4.5,62,1858.722388,1854.885651
3.15,63,28628.15522,28623.62252,3.299,63,30082.53134,33928.1551,3.7,63,32165.95911,37050.40878,3.401,63,30200.32637,32866.04438,3.152,63,28947.3592,29859.89068,9.6,63,42492.84776,42669.2655,3.399,63,835.9164179,829.1864658,4.6,63,2185.122388,2221.158805
3.2,64,29259.28756,29361.21093,3.349,64,33201.70348,36656.58304,3.8,64,32606.54933,36878.93857,3.449,64,30544.74826,33135.95141,3.2,64,29356.32239,30068.95211,9.851,64,43136.90746,43362.1141,3.45,64,841.9343284,832.3556434,4.8,64,3171.279602,3194.365028
3.25,65,28938.3005,29036.36347,3.4,65,30839.13234,34729.23523,3.85,65,32735.01867,37491.83088,3.55,65,30893.83483,33541.55011,3.25,65,29605.30149,30449.35295,10.05,65,43962.95323,44282.6772,3.6,65,851.2477612,816.1343542,4.949,65,4083.152239,4083.544579
3.301,66,29367.59403,29361.43144,3.449,66,31057.65572,35050.02383,3.9,66,34826.90844,38990.58725,3.599,66,31248.71642,33831.03013,3.302,66,29625.23383,30520.5737,10.151,66,43996.22687,44181.80489,3.701,66,835.1044776,844.3645345,5.05,66,4774.766169,4781.905656
3.351,67,29716.39403,29892.50362,3.549,67,30941.89851,34827.84022,3.95,67,33198.16533,37375.45433,3.65,67,31347.02488,33912.53259,3.35,67,29937.799,30783.31979,10.2,67,44068.12338,44108.88614,3.8,67,862.3124378,851.3904668,5.15,67,5490.149254,5478.188195
3.401,68,30218.63483,30240.34011,3.599,68,32456.6607,35730.306,4.051,68,33390.592,38141.66036,3.699,68,31591.21194,34218.64424,3.4,68,28529.68756,29692.5167,10.299,68,44262.52736,44461.57372,3.849,68,845.4368159,845.32082,5.249,68,6142.312438,6181.152877
3.45,69,30336.98706,30478.77038,3.65,69,31916.06766,36012.40458,4.15,69,35047.89333,39047.65055,3.749,69,31692.8,34369.52861,3.45,69,30690.16517,31569.3679,10.352,69,44495.2199,44795.82712,3.899,69,858.5552239,854.4134354,5.35,69,6938.093532,6958.075574
3.501,70,30582.51144,30730.02756,3.699,70,31508.28259,35527.516,4.201,70,33761.74933,38612.15978,3.849,70,32110.15323,34879.20019,3.5,70,30374.5592,31136.28031,10.5,70,44706.19701,45381.30304,3.949,70,890.4437811,875.5860706,5.499,70,8194.00597,8206.632749
3.55,71,31065.69552,31103.33847,3.799,71,32528.54129,36461.75006,4.25,71,34045.96622,38298.73394,3.95,71,32360.54925,35095.22822,3.55,71,30428.60896,31329.67064,10.9,71,45253.90647,45708.26179,4.05,71,967.5303483,945.9244258,5.65,71,9431.19602,9506.750309
3.6,72,31072.12736,31126.39103,3.851,72,32015.44279,35484.00467,4.35,72,34170.68089,38975.19271,3.999,72,32553.17015,35325.01378,3.6,72,30784.63682,31744.42607,11.35,72,46192.44577,46120.14423,4.15,72,1045.683582,1020.605582,5.901,72,11751.2597,11831.42109
3.65,73,31258.90547,31462.09951,3.95,73,32949.65174,37077.83415,4.401,73,33164.72889,37502.29573,4.099,73,33003.33532,35492.11119,3.652,73,31095.1801,32010.44616,11.701,73,46056.42189,46201.4206,4.25,73,1142.718408,1144.851568,6,73,12664.69254,12800.14226
3.701,74,31725.7393,31783.82247,3.999,74,33192.78806,36682.6106,4.5,74,34484.49422,39319.67297,4.151,74,32743.08458,35397.8491,3.7,74,31038.21692,32095.7608,12.25,74,46492.78408,46587.34898,4.399,74,1476.521393,1409.201284,6.102,74,13680.09552,13831.12472
3.752,75,31825.16219,31887.11423,4.099,75,33333.68358,37505.7267,4.551,75,34573.568,39404.87176,4.2,75,33524.64876,36122.59566,3.752,75,31273.82289,32181.74071,12.549,75,46212.79204,46360.5552,4.451,75,1579.940299,1533.281304,6.201,75,14627.34328,14886.67819
3.8,76,31899.46269,32054.15931,4.149,76,36585.77512,39743.71595,4.601,76,34021.67467,38817.08386,4.249,76,33248.50945,36002.62742,3.8,76,31675.38308,32374.0584,12.65,76,46449.92637,46680.81205,4.499,76,1714.4199,1640.405038,6.249,76,15193.02687,15413.71796
3.852,77,32101.25373,32292.65686,4.199,77,33827.39104,37933.14085,4.7,77,37294.54933,41234.50409,4.301,77,33627.27164,36312.42046,3.852,77,31615.76119,32424.44662,12.749,77,46724.77612,46755.16127,4.65,77,2198.01791,2163.264016,6.301,77,15864.94726,16101.91553
3.9,78,32202.90547,32474.65545,4.3,78,33494.57512,37619.27026,4.751,78,34212.55111,39024.05232,4.35,78,33642.2209,36242.36206,3.952,78,31904.73234,32898.71712,12.85,78,46457.58408,46553.49568,4.801,78,2946.244776,2880.288466,6.402,78,16842.36418,17131.13954
3.953,79,32430.31244,32636.06073,4.349,79,33839.71343,37713.43144,4.851,79,35053.184,39964.62135,4.501,79,33851.04876,36509.19318,4,79,31949.75522,32873.34735,12.999,79,46544.17512,46691.9674,5.149,79,5145.377114,5021.5184,6.499,79,17928.58109,18262.16449
4,80,32633.96617,32764.38963,4.401,80,34428.19502,37768.59612,4.9,80,35357.952,39433.81827,4.549,80,33870.599,36722.76197,4.102,80,32246.27264,33290.58444,13.101,80,46424.31045,46887.4527,5.249,80,5841.655721,5605.374166,6.549,80,18318.05771,18718.02025
4.05,81,32763.54229,32973.22308,4.499,81,34212.29851,38434.69843,5.001,81,35596.91378,40369.50245,4.601,81,33918.34428,36752.36253,4.15,81,32367.76119,33194.22191,13.351,81,46450.99303,46607.29662,5.399,81,6992.748259,6835.540627,6.599,81,18768.84378,19192.0731
4.101,82,33034.90547,33233.0876,4.549,82,34637.94627,38627.88694,5.05,82,35472.29867,39622.04345,4.65,82,34148.45771,36865.96216,4.2,82,32518.67065,33423.22635,13.699,82,46423.94428,46749.87404,5.55,82,8185.61592,8015.596938,6.65,82,19568.33433,20112.52556
4.15,83,33185.4806,33301.66597,4.65,83,34175.01294,37987.62532,5.102,83,35439.14667,40272.60173,4.699,83,34268.33831,36918.27517,4.25,83,32572.78408,33515.70941,13.8,83,46534.54328,46797.41171,5.702,83,9314.690547,9188.279575,6.749,83,20380.8796,21059.83305
4.2,84,32221.34129,32768.25788,4.699,84,36087.05274,39522.79187,5.202,84,35141.33333,39087.78323,4.801,84,34494.34428,37060.46625,4.3,84,32666.63483,33522.8442,13.85,84,46361.5204,46659.78563,5.802,84,10219.54229,10010.18721,6.851,84,21451.78109,22068.51667
4.251,85,33238.01791,33552.22425,4.799,85,34377.07463,38410.53212,5.25,85,35889.16622,40104.46531,4.849,85,34536.77214,37203.06097,4.402,85,32869.5403,33716.05513,14.049,85,46511.58607,46565.32675,5.849,85,10530.06965,10449.18153,6.899,85,21783.8806,22545.07483
4.3,86,33539.07264,33673.91544,4.849,86,34945.59204,39105.19598,5.35,86,35576.13511,39975.67297,5.049,86,34926.29652,37805.98552,4.45,86,32930.3403,33790.54613,14.3,86,46332.32239,46525.56977,5.901,86,10997.12637,10851.71845,6.951,86,22474.42786,23261.21018
4.351,87,33605.92239,33992.68956,4.899,87,35015.27562,39134.46391,5.4,87,35730.60267,40597.89395,5.149,87,34866.73831,37583.83555,4.55,87,33240.51741,34033.19972,14.6,87,45949.48458,46085.75352,5.949,87,11486.26468,11247.3717,7.05,87,23339.8607,24110.80267
4.4,88,34038.14527,34314.40878,5,88,35282.77015,39326.53866,5.451,88,35743.14667,40629.64354,5.5,88,35361.84677,38026.18827,4.6,88,33328.55721,34164.89605,14.899,88,46374.73433,46426.49938,6.049,88,12336.20697,12098.27217,7.101,88,23783.94428,24682.26229
4.45,89,33784.45373,34100.84373,5.1,89,35593.13831,38968.93997,5.5,89,39097.10222,43216.83719,5.901,89,35710.4398,38290.37701,4.653,89,33467.44677,34444.60266,15.1,89,46183.68955,46405.53223,6.151,89,13276.0199,13088.25685,7.149,89,24368.7801,25303.44085
4.5,90,34115.00896,34316.46811,5.149,90,35551.45871,39469.23803,5.551,90,36009.37244,40706.77692,5.949,90,35825.17811,38410.40131,4.7,90,33356.73632,34268.43822,15.2,90,46273.401,46378.12793,6.251,90,14229.79502,14031.43492,7.201,90,24932.9194,25730.39862
4.55,91,34086.25672,34294.05466,5.249,91,35681.14627,39168.71759,5.652,91,36096.93867,40806.28264,6.049,91,35725.94627,38370.79561,4.752,91,33654.54328,34372.27937,15.299,91,46046.88557,46391.18004,6.351,91,15238.78209,15090.95974,7.301,91,25993.10647,26852.01482
4.6,92,34135.89652,34467.46461,5.349,92,35725.43682,39715.72249,5.7,92,35453.696,39960.0953,6.099,92,35809.11443,38453.05676,4.8,92,33566.12139,34394.56576,15.35,92,46174.86965,46429.70412,6.399,92,15824.01592,15645.0126,7.349,92,26326.68657,27392.08298
4.651,93,33952.12736,34248.16258,5.401,93,35442.86567,39660.66994,5.75,93,36902.21511,40942.98342,6.199,93,35861.23781,38632.7531,4.95,93,33935.26766,34876.04578,15.55,93,45962.3801,46370.612,6.5,93,16762.57114,16660.10571,7.401,93,26957.45274,27899.21462
4.7,94,34541.78706,34636.41205,5.501,94,37311.25174,40663.09367,5.8,94,36177.93422,40909.29035,6.251,94,36086.95721,38809.44452,5.1,94,33813.58806,34692.43635,15.75,94,46088.15124,46103.74117,6.549,94,17524.33035,17443.41022,7.449,94,27241.74328,28137.86318
4.751,95,34462.10547,34768.96052,5.549,95,35564.56119,38877.68278,5.9,95,36310.51378,40950.31628,6.299,95,36105.05871,38736.48961,5.15,95,34132.12338,34937.88928,15.9,95,46321.62388,46056.38528,6.649,95,18422.73433,18313.62608,7.551,95,28179.37512,29144.25488
4.8,96,34744.8199,34933.01939,5.649,96,35899.82886,39959.97944,5.952,96,36217.728,40996.92969,6.351,96,36060.67264,38681.25391,5.2,96,34208.35025,34999.99066,16.3,96,45967.12438,46001.31193,6.7,96,18958.5194,18979.53668,7.599,96,28820.36219,29765.44134
4.85,97,34696.69254,34924.4569,5.699,97,36000.44577,40065.24083,6.05,97,36847.872,41183.78697,6.449,97,36081.44876,38565.71082,5.3,97,34089.71144,35014.33497,16.499,97,45660.19502,45925.07385,6.749,97,19534.45572,19471.41912,7.649,97,29685.17413,30647.94665
4.901,98,34990.13731,35223.35529,5.751,98,38174.79005,41251.92805,6.1,98,36421.888,41143.51974,6.499,98,36114.59502,38664.2747,5.351,98,34239.1403,35113.28381,16.849,98,46031.72935,46031.94863,6.85,98,20701.13433,20694.10521,7.699,98,29970.53134,30872.32601
4.95,99,35051.36716,35198.75917,5.851,99,36036.90348,40145.15113,6.15,99,36622.70578,40490.70778,6.549,99,36183.1005,38774.90306,5.451,99,34224.49353,35156.10371,17.049,99,46057.64776,46166.03408,6.899,99,20942.40796,20949.84045,7.799,99,30740.44179,31648.13831
5,100,34888.59701,35205.80799,5.899,100,35444.63284,39407.49171,6.25,100,36466.90133,41161.97524,6.601,100,36452.09154,39064.29713,5.5,100,34261.15821,35127.04135,17.2,100,45599.55423,45955.22845,6.949,100,21654.4,21595.30946,7.851,100,31413.39701,32286.00049
5.052,101,35041.05075,35287.94581,5.951,101,36200.77214,40320.30273,6.3,101,39619.27111,43366.9068,6.701,101,36216.10348,38733.2754,5.55,101,34304.33433,35234.17519,17.7,101,45507.18408,45788.24994,7,101,22056.39005,22063.36775,7.951,101,32265.72736,33020.10768
5.101,102,35219.47065,35323.5487,6.049,102,35628.83184,39006.55361,6.352,102,36746.85156,41475.01612,6.799,102,36442.85771,38949.41556,5.6,102,34474.73035,35301.16515,18.1,102,45485.35721,45870.70388,7.099,102,23124.96716,23111.37762,8,102,32439.9602,33322.49148
5.2,103,35219.99602,35510.95165,6.1,103,36406.08159,40240.98295,6.4,103,36539.34933,41202.96753,6.849,103,36152.99502,38828.01588,5.7,103,34501.30149,35526.24153,18.349,103,45177.04279,45503.94073,7.151,103,23571.86866,23593.10447,8.049,103,33533.86667,34259.52087
5.25,104,35324.67264,35520.3289,6.149,104,36340.04378,40281.36604,6.5,104,36267.94667,40897.5772,6.949,104,36264.0398,38811.35809,5.75,104,34453.42886,35312.9082,18.699,104,45259.9403,45491.68288,7.2,104,24252.67264,24183.13263,8.149,104,34085.09453,34962.25241
5.301,105,35533.56418,35593.15674,6.199,105,36532.56915,39787.47022,6.6,105,35997.53956,40569.63887,6.999,105,36160.49353,38831.69353,5.8,105,34762.33234,35649.3978,19.049,105,45215.41095,45380.0978,7.299,105,24925.21393,24829.47493,8.201,105,34815.76119,35461.28723
5.351,106,35365.98607,35645.84723,6.3,106,38253.26169,41560.10278,6.651,106,36646.18667,41326.64705,7.099,106,36241.95821,38814.81149,5.9,106,34562.86567,35483.38052,19.149,106,45251.88458,45583.43887,7.351,106,25420.43383,25353.4206,8.25,106,35282.99303,35808.32403
5.4,107,35613.40498,35910.56295,6.35,107,36603.51045,39828.26442,6.75,107,36780.91378,41352.79794,7.149,107,36278.41592,38812.726,5.95,107,34652.08358,35485.70521,19.299,107,45144.37413,45222.25537,7.4,107,25759.55423,25797.89183,8.349,107,36008.10348,36542.41541
5.5,108,35716.25075,35775.59262,6.401,108,36391.8806,40338.86662,6.85,108,38065.57867,41980.13174,7.201,108,36173.07065,38904.88391,6.001,108,34544.65274,35541.66597,19.649,108,45029.22189,45080.15214,7.451,108,26462.66269,26397.77525,8.449,108,36779.98806,37280.06718
5.55,109,35812.45771,36121.78463,6.549,109,38651.82886,41943.34408,6.9,109,36686.96178,41321.41836,7.249,109,36349.43682,38910.29946,6.05,109,34703.2995,35648.30273,19.75,109,45577.20199,45761.06693,7.551,109,27373.24577,27439.69573,8.549,109,37420.00398,37847.12472
5.652,110,35735.56219,36046.37795,6.65,110,36450.13333,40415.81313,6.95,110,36040.30578,40638.40411,7.351,110,36437.26965,38981.20252,6.15,110,34858.90547,35702.06961,19.9,110,44826.65075,45152.87725,7.651,110,28201.93433,28313.23092,8.6,110,37871.88856,38260.68659
5.7,111,35605.39701,34962.80308,6.75,111,36604.91144,40435.86078,7,111,36697.01689,41362.11539,7.399,111,36273.91045,38879.62999,6.25,111,34891.89254,35588.73908,20.049,111,44935.45075,45069.92146,7.699,111,28762.92139,28777.6814,8.649,111,38185.05871,38607.79847
5.801,112,35941.81095,36349.95188,6.802,112,35706.28458,38771.68512,7.15,112,36778.83733,41375.54777,7.449,112,36393.79104,38964.04765,6.3,112,35021.21393,35792.46344,20.15,112,44978.29254,45192.87133,7.8,112,29670.92537,29885.96888,8.749,112,39027.58209,39471.34404
5.851,113,36144.65274,36343.28054,6.901,113,37181.70746,40960.95679,7.2,113,36730.18311,41433.17543,7.5,113,36311.8806,38947.19178,6.351,113,34788.58507,35688.88017,20.299,113,44982.09751,45104.10669,7.9,113,30746.3801,30855.45666,8.799,113,39391.80896,39570.56063
5.951,114,36055.89652,36279.95702,6.999,114,36110.29652,39836.71852,7.251,114,36827.70489,40872.73441,7.549,114,36548.90348,39027.25531,6.45,114,34769.91045,35783.04135,20.35,114,44925.77114,44999.4369,7.95,114,31049.20199,31336.54334,8.901,114,39739.59005,40087.96246
6.051,115,36205.5801,36538.02383,7.051,115,36636.86368,40558.02663,7.351,115,37235.37067,40908.91287,7.649,115,36337.7194,38851.05349,6.5,115,34940.8796,35836.21397,20.499,115,45047.53035,45297.90072,8.049,115,32043.3194,32359.55545,8.949,115,40024.13532,40368.19363
6.102,116,36022.30448,36376.41299,7.151,116,36253.91443,39933.18197,7.4,116,36983.936,40761.44452,7.701,116,36444.19502,39000.3943,6.551,116,34922.68259,35755.45153,21.301,116,44582.09751,44826.20301,8.101,116,32558.04179,32686.84613,9.001,116,40568.32637,40958.44702
6.151,117,36198.2408,36400.91567,7.2,117,36690.83383,40629.70708,7.452,117,36794.65244,41355.08152,7.749,117,36536.21493,38965.73324,6.6,117,34955.74925,35813.99486,21.55,117,44668.46567,44820.67869,8.15,117,32986.77811,33209.14794,9.049,117,40924.54527,41378.84515
6.251,118,36296.67662,36592.73628,7.249,118,36709.92239,40719.57019,7.5,118,36962.60267,41408.11586,7.799,118,36374.44776,38834.73207,6.65,118,34953.66368,35779.86452,22.2,118,44630.01791,44637.49864,8.201,118,33471.3791,33725.53816,9.149,118,41224.07164,41357.04421
6.302,119,36229.49254,36588.28498,7.349,119,38221.02289,41241.23149,7.552,119,36664.80356,41100.68862,7.899,119,36065.30547,38546.35833,6.7,119,35028.87164,35847.83742,22.451,119,44159.28358,44614.1961,8.301,119,34390.44776,34561.40677,9.199,119,41670.57512,41822.85009
6.4,120,36425.82289,36610.94884,7.401,120,36701.80299,40631.4861,7.651,120,38460.91378,42198.52932,8.001,120,36340.44179,38815.53282,6.8,120,35081.28159,35868.24761,22.8,120,44224.01592,44331.15535,8.349,120,34637.07065,34955.10793,9.251,120,41451.60597,41874.21289
6.45,121,36244.601,35771.85517,7.449,121,36846.02587,40080.41112,7.8,121,36813.824,41322.67788,8.099,121,36393.40896,38951.00771,6.85,121,35009.01891,35880.77926,23.099,121,44380.08358,44702.78291,8.401,121,35208.91542,35427.48135,9.299,121,41515.95622,41861.33465
6.501,122,36631.51443,36739.25158,7.55,122,36687.87264,40626.6947,7.95,122,36990.53511,41310.65452,8.151,122,36505.6796,38963.65522,6.9,122,34951.49851,35865.57907,23.251,122,44167.801,44257.90862,8.501,122,35983.12438,36406.75722,9.399,122,42151.19602,42175.16621
6.6,123,36428.46567,36700.15791,7.649,123,36998.73433,40073.3025,8.102,123,36906.78044,41319.18711,8.249,123,36217.45672,38349.14085,6.95,123,35076.25075,36046.37795,23.35,123,44220.0199,44259.16523,8.601,123,36754.24478,37130.72857,9.449,123,42286.40796,42493.36034
6.65,124,36536.67662,36708.59706,7.699,124,36731.27164,40536.13268,8.201,124,36218.56711,40010.65919,8.3,124,36428.8,38775.04135,7.05,124,35259.60597,36045.98552,23.5,124,44320.52537,44476.34478,8.649,124,37020.68856,37466.08447,9.499,124,42400.97114,42529.77031
6.7,125,36590.29652,36784.34758,7.749,125,36812.62488,40503.18711,8.301,125,36979.82578,41281.14366,8.349,125,36380.8,38899.06097,7.1,125,35277.02289,36058.8797,23.601,125,44284.83184,44521.1835,8.749,125,37738.87363,38204.94542,9.549,125,42885.44478,43098.24253
6.8,126,36564.9194,37061.38566,7.85,126,36981.76318,40791.22448,8.35,126,36950.57067,40670.11633,8.45,126,36472.8199,38825.4819,7.151,126,35096.70846,36068.04391,23.701,126,44156.54527,44405.0936,8.802,126,38183.81692,38570.83922,9.599,126,42837.84279,42976.42677
6.852,127,36774.81393,36915.93179,7.9,127,39607.78507,42625.79397,8.45,127,38860.61511,42561.61831,8.499,127,36390.65473,38927.08059,7.2,127,35127.94428,35988.78767,23.749,127,44241.78308,44358.74142,8.85,127,38436.07562,38721.16967,9.65,127,42903.86468,43020.24204
6.901,128,36604.83184,36810.93576,7.952,128,36266.34826,39921.08386,8.501,128,37022.32178,40773.32586,8.55,128,36594.51542,39077.6398,7.25,128,35007.2199,36029.56319,23.999,128,43791.36318,44106.3018,8.951,128,39258.57114,39822.37985,9.749,128,43053.4209,43133.20622
6.951,129,36883.47065,36909.82481,8.05,129,37248.76418,40939.14506,8.6,129,36956.928,41356.51296,8.649,129,36414.18507,38956.45317,7.35,129,35517.78706,36255.54403,24.099,129,43847.30746,44142.47864,8.999,129,39376.6209,39794.26426,9.801,129,43081.47264,43280.91282
7.051,130,36672.30249,36853.75193,8.099,130,36761.71144,40089.42957,8.65,130,36826.66667,40947.43845,8.7,130,36453.22189,39036.25882,7.45,130,35079.1005,35942.05092,24.199,130,43989.55622,44022.9548,9.051,130,39546.66667,39904.03556,9.849,130,43402.95323,43271.65424
7.151,131,36773.17413,36970.83111,8.151,131,37743.41095,40663.10862,8.7,131,38979.17156,42735.3908,8.749,131,36437.58806,38862.66199,7.55,131,35194.15721,36072.89138,24.299,131,43811.66169,43977.12028,9.151,131,40444.81592,41085.18647,9.949,131,43596.25871,43896.16004
7.2,132,36717.13433,36877.3651,8.199,132,36983.14826,40727.96823,8.75,132,36993.792,41480.05419,8.849,132,36354.88159,38847.40948,7.6,132,35172.7602,35978.04625,24.399,132,44010.39602,44254.07162,9.199,132,40692.77612,41246.96863,10.049,132,43584.41393,43834.12793
7.252,133,36635.04876,36931.67391,8.299,133,36760.48557,40595.05723,8.85,133,36545.89156,40686.38542,8.899,133,36469.57214,38766.19481,7.65,133,35199.15622,35980.73347,24.549,133,43883.25572,44167.17609,9.299,133,40831.18806,41585.78217,10.1,133,43819.19204,44108.17486
7.35,134,36662.73433,37005.55197,8.35,134,36817.6398,40652.28872,8.9,134,36934.51378,41167.55898,8.949,134,36594.96119,38923.88507,7.75,134,35129.6,35926.17052,24.6,134,43917.53234,44139.55051,9.35,134,41199.90448,41686.59126,10.15,134,43935.85672,43935.62855
7.4,135,36687.26766,36908.7858,8.449,135,37541.57214,40619.44406,8.95,135,36023.296,39533.35015,9.001,135,36479.80896,38862.83018,7.8,135,35051.60597,35906.82925,24.851,135,43840.42985,44064.87725,9.45,135,42155.71741,42830.97654,10.251,135,44643.78905,44947.2245
7.45,136,36556.44975,36959.52534,8.5,136,36802.19701,40544.25041,9.002,136,36453.71733,40322.40318,9.1,136,36327.75323,38815.43938,7.9,136,35191.49851,36033.42023,24.999,136,43728.41393,44058.7997,9.501,136,41843.69353,42537.70116,10.299,136,44413.05473,44533.60731
7.552,137,36743.2597,36970.22191,8.551,137,36995.29552,39983.032,9.05,137,37238.79822,41593.69867,9.15,137,36404.6806,38826.55828,7.95,137,35093.41294,35983.63747,25.099,137,43517.00697,43815.45666,9.602,137,42111.96816,42944.17387,10.4,137,44598.09751,44801.52927
7.6,138,36725.63582,36947.74866,8.651,138,36854.86169,40453.64728,9.15,138,36281.45778,40435.86452,9.201,138,36333.40498,38885.81546,8,138,35243.79701,36007.62812,25.199,138,43803.52637,43956.90393,9.649,138,42651.001,43040.3833,10.499,138,44935.67363,44837.75747
7.651,139,36647.3393,36971.38799,8.75,139,36924.22687,40543.8505,9.25,139,39436.25956,43095.07125,9.3,139,36530.89751,38858.39757,8.1,139,35310.55124,36090.32656,25.349,139,43850.33234,43962.26624,9.7,139,42540.86368,43253.96295,10.552,139,44634.84179,44743.54754
7.7,140,36661.12637,36977.83135,8.851,140,36888.78806,40605.24177,9.35,140,37010.71644,41160.46531,9.349,140,36434.54726,38835.10582,8.15,140,35143.46667,36005.02313,25.451,140,43685.42886,43837.16671,9.8,140,42926.85373,43503.92887,10.649,140,44986.47562,45206.694
7.8,141,36854.11343,37088.15324,8.899,141,36103.70547,39781.75193,9.501,141,38309.27644,41575.83368,9.401,141,36562.70647,38833.98832,8.2,141,35249.83085,36106.71899,25.552,141,43697.43284,43952.91282,9.9,141,43027.10448,43596.80711,10.749,141,45038.15323,45059.93184
7.852,142,36898.38806,37180.44569,8.95,142,37709.70746,40736.87456,9.6,142,36917.93067,40521.28007,9.499,142,36432.68458,38911.89161,8.25,142,35325.07065,35993.31745,25.599,142,43719.27562,43873.38701,9.999,142,43427.42289,44021.74957,10.801,142,45232.60498,45153.72685
7.9,143,36761.6796,36946.22752,9.05,143,36078.5194,39723.94861,9.65,143,36842.63822,40897.67438,9.549,143,36400.9393,38733.83228,8.3,143,35297.49652,36091.30203,25.699,143,43572.02786,43969.03137,10.099,143,43678.07363,44251.62163,10.899,143,45384.18308,45466.65349
7.952,144,36758.3204,37159.67297,9.099,144,36851.50249,40552.47279,9.701,144,36836.11022,40980.81009,9.599,144,36278.65473,38815.66737,8.4,144,35207.97612,35959.6356,25.849,144,43623.46667,43902.92122,10.15,144,43575.53035,44223.9921,11,144,45382.03383,45467.83502
8.052,145,36800.1592,37053.52955,9.149,145,36891.81294,40422.4583,9.752,145,36413.01333,39869.4249,9.699,145,36367.80896,38709.67344,8.45,145,35157.17413,35912.95118,25.95,145,43525.23781,43812.42183,10.199,145,43824.87562,44533.2082,11.15,145,45676.65672,45610.77995
8.1,146,36699.09652,36996.38776,9.199,146,36511.36318,39407.51413,9.85,146,36813.59644,41010.31348,9.749,146,36514.99303,38809.452,8.55,146,35128.91542,35936.26162,26.049,146,43632.68458,43752.14423,10.299,146,44055.45075,44846.86589,11.449,146,45754.90547,45463.51988
8.15,147,36879.45871,37322.00888,9.301,147,36700.81592,40421.63233,9.9,147,36765.696,41091.65148,9.801,147,36553.74328,38897.56225,8.6,147,35188.56915,35959.08619,26.1,147,43559.51443,43745.43048,10.349,147,44252.41791,44894.77501,11.899,147,45782.35224,45858.56458
8.251,148,36695.99204,37103.08433,9.351,148,36861.97811,39897.63139,9.951,148,36124.06044,40281.46321,9.849,148,36246.60697,38735.53282,8.7,148,35380.09154,36273.97337,26.149,148,44048.23881,44344.54334,10.401,148,44562.03781,44981.25957,11.951,148,46020.25075,46098.74241
8.3,149,36798.29652,37080.65592,9.451,149,36769.57612,40435.98412,10,149,36952.02133,41114.44989,9.949,149,36268.78408,38786.77692,8.75,149,35139.67761,35881.85564,26.249,149,43448.1194,43795.29563,10.449,149,44490.4597,45349.85626,12.049,149,45812.12338,45730.15757
8.35,150,36861.96219,37024.48961,9.499,150,40026.3005,42708.70918,10.1,150,36188.30222,40065.51367,10.001,150,36356.9194,38661.04181,8.85,150,35093.71542,35975.59075,26.349,150,43515.65373,43647.10299,10.549,150,44457.01095,45316.90393,12.151,150,45696.68458,45745.55298
8.45,151,37198.58308,37433.45947,9.549,151,37044.18706,40666.32656,10.152,151,36864.46933,40693.9388,10.049,151,36378.80995,38730.3602,8.95,151,35210.39602,35947.27961,26.401,151,43478.73433,43766.80069,10.601,151,45066.95323,45843.51297,12.299,151,46043.03284,45747.7224
8.501,152,36892.51343,37000.95118,9.651,152,36922.87363,39855.032,10.25,152,36894.44978,40140.01962,10.101,152,36278.97313,38647.08619,9,152,35092.50547,35917.38005,26.501,152,43475.9005,43582.11114,10.699,152,44741.04677,45349.61917,12.449,152,45985.62388,46142.36009
8.55,153,36777.12239,37015.97197,9.699,153,36789.11045,40272.57183,10.301,153,37725.78133,41048.48774,10.199,153,36213.66766,38730.47979,9.1,153,35107.61393,35925.50526,26.55,153,43699.9005,43585.1262,10.799,153,44771.64577,44606.30082,12.602,153,46140.62488,46022.46876
8.65,154,36989.21393,37118.79281,9.75,154,36881.84677,39863.40388,10.401,154,36837.30489,40293.0007,10.251,154,36521.71144,38914.11913,9.15,154,35246.2806,36050.72086,26.701,154,43308.59303,43580.89405,10.851,154,44730.63483,45471.03976,12.749,154,45850.92139,45678.04791
8.7,155,36719.52239,37052.28872,9.85,155,36662.75025,40258.41065,10.45,155,36669.71022,40801.27821,10.349,155,36385.06667,38682.35272,9.2,155,35050.14129,35912.83532,26.801,155,43321.12239,43676.9059,10.951,155,45065.58408,45634.14176,12.899,155,46052.6806,45923.9753
8.75,156,36830.53532,37050.69657,9.951,156,36660.90348,40329.98645,10.502,156,36704.73956,40267.19738,10.4,156,36546.78607,38807.8748,9.25,156,35070.56716,35948.33357,27.05,156,191.840796,167.9347987,11.052,156,45273.20199,45731.86466,12.999,156,45706.95323,45802.80366
8.852,157,36518.25672,37073.94721,9.999,157,36093.16617,39445.98739,10.601,157,37467.17867,41039.81687,10.449,157,36293.19005,38440.64097,9.35,157,35105.33731,35862.89559,,,,,11.1,157,45267.3592,45973.00272,13.249,157,46037.04677,45941.4453
8.9,158,36862.07363,37225.96029,10.051,158,38061.24577,40962.08176,10.701,158,36817.26578,40279.67297,10.549,158,36375.65771,38634.60313,9.45,158,35277.94627,36057.78089,,,,,11.199,158,45596.57711,46252.9059,13.299,158,46272.68458,46136.88318
8.952,159,36686.29652,37041.7267,10.149,159,35949.21393,39641.57907,10.75,159,36619.15022,40794.28171,10.6,159,36241.33731,38625.56225,9.5,159,34960.23881,35894.71993,,,,,11.249,159,45492.04378,46166.46085,13.4,159,46055.1005,46136.51173
9.052,160,36934.62289,37179.97851,10.199,160,36596.48955,40218.64798,10.803,160,36572.34489,40840.33824,10.799,160,36204.35423,38531.46087,9.602,160,35030.30448,35849.87059,,,,,11.3,160,45481.61592,46373.87602,13.549,160,45961.24975,45831.79254
9.101,161,36733.7393,37133.6043,10.251,161,36751.26766,40480.05606,10.901,161,36752.98133,40746.10231,10.949,161,36155.65373,38498.75076,9.65,161,35056.63682,35841.4576,,,,,11.349,161,45502.50348,45973.31884,13.8,161,45853.38905,45937.45814
9.151,162,36833.36915,37215.64494,10.351,162,36566.51144,40122.13221,10.95,162,36601.44356,40678.18173,11.049,162,36193.20995,38451.61037,9.75,162,35231.98408,35873.27447,,,,,11.4,162,45418.42786,46081.46209,13.999,162,45941.52438,45972.20054
9.252,163,36772.74428,36983.59822,10.451,163,36765.93035,39667.59168,11,163,36546.048,40701.97431,11.099,163,36218.20498,38643.59916,9.851,163,35053.6597,35843.74118,,,,,11.451,163,45574.41592,46412.73994,14.199,163,45926.43184,46038.37787
9.302,164,36655.33134,36936.93997,10.499,164,36609.86269,40217.45947,11.101,164,37590.24356,41000.20369,11.2,164,36164.07562,38441.41836,9.95,164,35004.75224,35801.43331,,,,,11.599,164,45517.6597,46415.98024,14.249,164,44689.59204,44942.6446
9.402,165,36604.89552,37031.71782,10.599,165,36424.45373,39201.89115,11.15,165,36630.67022,40701.63794,11.249,165,36258.62687,38456.73441,10.05,165,34995.05672,35759.0918,,,,,11.949,165,45598.93333,46318.95283,14.399,165,46215.68955,46249.50358
9.45,166,36934.63881,37126.01355,10.65,166,36662.46368,40140.71105,11.25,166,36644.43733,40664.34945,11.299,166,36558.00995,38791.98692,10.1,166,34956.32239,35720.43167,,,,,12.251,166,46074.42786,46871.39343,14.499,166,46022.17711,45961.90664
9.502,167,36737.38507,37069.58935,10.699,167,36396.24279,39975.29923,11.3,167,36606.93333,40498.79935,11.399,167,36220.03582,38348.01962,10.15,167,34989.03881,35705.63887,,,,,12.549,167,45922.21294,46657.14991,14.599,167,45710.39204,45718.66634
9.601,168,36753.68756,36908.55034,10.802,168,36514.80199,40159.63373,11.35,168,36319.24622,39476.86615,11.449,168,36209.99005,38315.18243,10.2,168,35063.8806,35797.6996,,,,,12.849,168,46020.69652,46660.41393,14.649,168,45870.50348,45790.02816
9.65,169,36853.65174,36987.5487,10.849,169,38575.61791,41372.59519,11.401,169,37525.30489,40747.04415,11.501,169,36067.85274,38408.81289,10.3,169,35035.01692,35742.37421,,,,,12.899,169,46201.56816,46577.99555,14.749,169,45637.12637,45816.20746
9.702,170,36749.96219,37038.81149,10.901,170,36638.74229,39621.44546,11.45,170,36515.456,40518.20416,11.549,170,35406.21692,37227.85144,10.35,170,35049.6,35775.0619,,,,,12.949,170,45954.35622,46591.28476,14.899,170,45760.98706,45948.0326
9.751,171,36336.41393,36584.14389,11,171,36665.09055,40039.41135,11.502,171,36668.07467,39879.22822,11.649,171,36467.8209,38869.01565,10.5,171,35033.63184,35802.89091,,,,,12.999,171,46278.20896,47030.87182,14.999,171,45717.68358,45795.90417
9.853,172,36710.3204,36974.44149,11.049,172,36448.50945,40109.20439,11.601,172,36542.81956,40583.19458,11.699,172,36066.22886,38292.5111,10.55,172,34980.98308,35878.99276,,,,,13.1,172,45761.08259,46493.58558,15.3,172,45962.80995,46206.05582
9.9,173,36688.7801,36960.74749,11.149,173,36569.13831,39977.31371,11.65,173,39664.15644,42782.44149,11.75,173,36199.78507,38321.18851,10.651,173,35010.70647,35658.80869,,,,,13.149,173,45995.0806,46630.24747,15.549,173,45429.60398,45370.60608
9.951,174,36566.54328,36966.22658,11.2,174,36471.29154,40085.74071,11.701,174,36818.80178,40781.4847,11.8,174,35956.64876,38274.84793,10.7,174,34897.17811,35701.40808,,,,,13.199,174,46351.9204,46752.52951,15.95,174,45487.2199,45298.79773
10.002,175,36833.73532,37154.17519,11.249,175,35752.9791,39357.98552,11.75,175,36478.15111,40316.46438,11.849,175,36134.94129,38295.15347,10.802,175,34857.77512,35635.73744,,,,,13.299,175,46143.64975,46728.49592,16.199,175,45739.62189,45677.85824
10.152,176,36839.27562,36970.40505,11.349,176,36116.07562,39132.44569,11.8,176,36577.20889,39897.50058,11.9,176,36128.38209,38397.92198,10.95,176,34927.12438,35648.63163,,,,,13.349,176,45799.16418,46388.97901,16.249,176,45637.34925,45574.04199
10.2,177,36711.75323,36857.87807,11.401,177,35965.30945,38712.2448,11.95,177,36555.392,39994.30787,11.999,177,36108.05174,38338.19014,11,177,35153.06667,35709.74632,,,,,13.399,177,45999.64975,46624.09484,16.349,177,45445.41294,45429.55594
10.251,178,36663.801,37052.47559,11.449,178,36489.74328,39943.18337,12.002,178,36464.17067,40503.19832,12.049,178,36002.92935,38242.605,11.05,178,34916.0597,35776.17566,,,,,13.45,178,46134.98905,46435.83305,16.399,178,45379.62985,45228.29341
10.351,179,36632.70846,36903.14226,11.549,179,36465.05075,39284.55221,12.101,179,36433.86311,40318.34431,12.149,179,36120.86766,38448.06727,11.15,179,35050.82587,35823.49171,,,,,13.549,179,45898.96915,46594.4895,16.499,179,45264.71642,45274.91035
10.4,180,36631.75323,36906.21817,11.649,180,38469.06269,41153.8463,12.15,180,35731.38489,39488.66527,12.249,180,36032.27065,38218.39383,11.502,180,34903.37114,35714.42934,,,,,13.6,180,46276.18706,46554.37293,16.6,180,45543.14826,45421.44727
10.45,181,36738.08557,36925.14833,11.699,181,36542.94925,39295.3609,12.25,181,36333.38311,40397.08106,12.3,181,35915.19204,38148.46625,11.65,181,34817.95821,35667.68138,,,,,13.649,181,46267.89254,46873.85132,16.65,181,45331.45473,45293.35638
10.552,182,36734.599,36918.4583,11.749,182,36444.41791,39957.71455,12.3,182,35771.73333,39523.19552,12.35,182,36013.10249,38147.82714,12.05,182,34762.28458,35709.48096,,,,,13.749,182,46177.95821,46712.46036,16.699,182,45181.19801,45260.64905
10.6,183,36571.65373,36884.71292,11.801,183,36437.26965,39883.47769,12.35,183,36379.87556,40179.8832,12.449,183,36011.12836,38073.02219,12.25,183,34564.17114,35189.12404,,,,,13.799,183,45898.98507,46529.43048,16.799,183,45372.21095,45113.79995
10.652,184,36795.0806,37179.70941,11.901,184,38422.79801,40942.37047,12.401,184,36605.55378,40456.97734,12.499,184,35917.29353,38098.32843,12.401,184,34910.2806,35714.306,,,,,13.899,184,46045.22985,46377.43245,16.899,184,45463.84876,45366.79279
10.7,185,36615.56219,36873.63513,12.001,185,35961.5204,39186.35459,12.45,185,38434.88711,41471.33847,12.549,185,35864.42189,38086.03597,12.503,185,34663.24378,35338.42747,,,,,13.951,185,45976.26269,46643.81724,16.999,185,45202.70647,45159.20375
10.8,186,36688.60498,36988.67741,12.049,186,36301.22985,39740.97267,12.55,186,36304.86756,40155.15253,12.599,186,36009.95025,38185.99393,12.55,186,34680.58109,35328.39243,,,,,13.999,186,46044.22687,46769.3554,17.049,186,45308.8796,45340.05236
10.85,187,36776.99502,37064.97734,12.149,187,35378.13333,38059.75053,12.601,187,36421.40444,39578.40131,12.7,187,35873.6398,38045.15207,12.601,187,34716.14726,35456.14576,,,,,14.099,187,45794.94527,46520.6935,17.349,187,44975.64975,45030.67029
10.902,188,36686.5194,36913.11376,12.201,188,36449.81493,39193.5118,12.702,188,36217.6,39392.21303,12.749,188,35782.28856,38051.82341,12.701,188,34525.16617,35322.64798,,,,,14.151,188,46282.96915,46801.01951,17.599,188,45218.84975,45358.73549
10.951,189,36503.8806,36839.57954,12.301,189,36327.03682,39751.94954,12.75,189,36063.45956,39250.74328,12.799,189,35827.39104,38053.84163,12.75,189,34683.71741,35404.04952,,,,,14.25,189,45938.81791,46755.41813,17.749,189,45353.48856,45081.4285
11.052,190,36640.87562,36929.09133,12.349,190,35616.14328,39036.13174,12.85,190,36078.86222,40219.0591,12.849,190,35897.63184,38067.5132,12.85,190,34584.67662,35285.38192,,,,,14.299,190,46233.01095,46819.54063,17.849,190,44728.88358,44742.49642
11.1,191,36675.15224,36770.08923,12.399,191,36135.05274,39708.24387,12.902,191,36307.85422,39736.86148,12.949,191,35900.56119,38156.63256,13.002,191,34522.41194,35222.77972,,,,,14.35,191,46016.58905,46624.69548,17.999,191,44944.42985,45149.73969
11.152,192,36483.48657,36710.00607,12.499,192,35528.08756,38898.605,12.95,192,36255.72978,40207.66363,12.999,192,36224.04776,38412.37842,13.05,192,34504.56517,35214.2733,,,,,14.449,192,46135.45075,46422.19215,18.099,192,44957.89851,45071.76686
11.251,193,36677.7791,36950.07708,12.55,193,36249.23383,39656.96613,13,193,38195.38489,41353.77342,13.099,193,35942.3204,38073.20533,13.102,193,34499.00896,35242.56576,,,,,14.5,193,46425.15423,47056.75871,18.199,193,45005.93035,44649.87108
11.3,194,36461.4209,36743.00771,12.599,194,36264.94726,39721.05583,13.1,194,36143.92889,40106.52091,13.15,194,35752.08756,37976.79421,13.2,194,34452.79204,35143.25064,,,,,14.599,194,46036.72836,46823.66214,18.299,194,44885.57214,45061.20425
11.352,195,36564.7602,36745.59028,12.699,195,37664.30249,40360.39056,13.15,195,36214.17244,40004.25321,13.199,195,35822.16915,38020.7914,13.25,195,34419.85274,35099.83275,,,,,14.7,195,45970.70647,46271.6167,18.449,195,44715.79701,44847.05162
11.4,196,36581.79502,36791.17963,12.751,196,36288.66866,39571.59916,13.25,196,38223.84356,41231.28989,13.299,196,35689.09055,38040.6933,13.35,196,34468.93532,35152.19808,,,,,14.799,196,45513.64776,46309.48876,18.55,196,45004.68856,45195.81526
11.451,197,36501.49254,36690.67227,12.899,197,36343.62587,39689.82948,13.3,197,36056.68978,39999.84303,13.349,197,35795.62985,37947.65709,13.4,197,34302.12139,35148.12801,,,,,14.899,197,45670.59104,46346.26229,18.799,197,44773.65174,44918.22376
11.551,198,36368.25473,36710.8769,12.95,198,36123.27164,38705.99206,13.4,198,35399.53778,39341.12964,13.449,198,35683.53433,37951.62252,13.452,198,34395.71741,35040.85961,,,,,14.95,198,45939.56617,46508.76365,18.899,198,44768.92338,44711.02198
11.6,199,36629.87463,36801.3679,13.049,199,36141.30945,39583.3011,13.45,199,36142.10844,40095.44312,13.549,199,35788.6408,37891.64027,13.5,199,34341.66766,35123.38239,,,,,15.049,199,45590.70249,46345.77624,18.949,199,44766.31244,44776.20351
11.65,200,36467.05672,36630.58911,13.099,200,35905.36915,39344.03364,13.501,200,35736.07822,39189.95001,13.6,200,35633.06667,37913.32492,13.551,200,34496.54129,35195.77669,,,,,15.099,200,45824.17512,46192.91677,19.05,200,44619.92438,44661.49667
11.7,201,36634.41194,36603.08526,13.199,201,36099.8209,39363.56552,13.602,201,36182.25778,39854.56482,13.649,201,35647.09254,37866.19575,13.652,201,34338.77015,35089.85751,,,,,15.149,201,46050.64279,46270.15856,19.101,201,44826.98507,45117.55396
11.8,202,36512.09552,36884.89605,13.299,202,35944.75622,39245.67531,13.65,202,35944.24889,39998.65078,13.699,202,35688.6607,37955.96169,13.7,202,34404.12338,35131.42537,,,,,15.249,202,45841.20995,46383.32428,19.199,202,44514.24478,44378.86688
11.851,203,36506.84179,36807.52721,13.351,203,36033.00299,39403.98972,13.702,203,36153.58578,39462.76104,13.749,203,35648.66866,37732.21584,13.75,203,34658.19701,35348.07008,,,,,15.299,203,45798.44776,46353.62015,19.349,203,44576.60498,44753.69523
11.9,204,36448,36602.03878,13.451,204,35350.90945,38786.85541,13.75,204,36302.44978,40141.95562,13.849,204,35484.60896,37753.2427,13.8,204,34349.69154,34900.35039,,,,,15.349,204,45542.27264,46441.93826,19.55,204,44667.92438,44632.77254
11.951,205,36263.76915,36649.73604,13.699,205,36081.73532,39408.16445,13.801,205,38006.17244,41287.53095,13.949,205,35680.71642,37769.73604,13.9,205,34352.09552,34973.29783,,,,,15.399,205,45775.79303,46187.13954,19.599,205,44618.23682,44358.00642
12.052,206,36661.34925,36735.97758,13.95,206,35950.40796,39141.31091,13.95,206,35878.76978,39905.45387,14,206,35917.34129,38204.25882,13.951,206,34489.74328,35040.45597,,,,,15.45,206,46020.6806,46476.06421,19.699,206,44473.83881,44632.61052
12.151,207,36647.48259,36805.33333,14.051,207,39016.45373,41346.74328,14.001,207,35657.88444,39118.43401,14.099,207,35719.37114,37606.15931,14.051,207,34309.49254,34985.23523,,,,,15.549,207,45885.77114,45906.88861,19.799,207,44668.92736,44943.43887
12.2,208,36410.14129,36661.31091,14.149,208,35865.50448,39204.54847,14.05,208,37797.10578,40966.41719,14.15,208,35508.71244,37676.30367,14.1,208,34166.01791,35008.32516,,,,,15.649,208,45955.10448,46623.56137,19.9,208,44485.84279,44485.71005
12.3,209,36443.46269,36568.90259,14.249,209,35350.09751,38713.82574,14.1,209,36442.97956,40374.4583,14.249,209,35755.0806,37534.33684,14.151,209,34299.36716,34870.67508,,,,,15.699,209,45869.54826,46279.36972,20.099,209,44196.58507,44427.01704
12.35,210,36446.26468,36748.03457,14.3,210,36588.13134,39096.01308,14.25,210,35893.87378,39832.12894,14.299,210,35618.3403,37826.6947,14.251,210,34365.97811,35057.13992,,,,,15.749,210,45437.5005,45931.63349,20.249,210,44426.96915,44355.6078
12.402,211,36469.14229,36742.51063,14.399,211,35377.25771,38720.15697,14.3,211,34809.37244,38170.80495,14.349,211,35601.01891,37791.83929,14.351,211,34249.02687,34950.71619,,,,,15.799,211,45719.62587,46422.52803,20.299,211,44374.71841,44647.10892
12.502,212,36394.79403,36643.3039,14.449,212,35840.04776,39078.81336,14.352,212,36121.01689,39320.68208,14.451,212,35507.61393,37618.5751,14.451,212,34190.13731,35049.66129,,,,,15.899,212,45500.49751,46326.95876,20.399,212,44453.22189,44537.61423
12.55,213,36298.77811,36582.58538,14.549,213,34962.99303,38372.17846,14.45,213,35909.29067,39603.15067,14.499,213,35559.76915,37629.39874,14.551,213,34077.40498,34902.44709,,,,,16.049,213,45693.27761,46293.22401,20.449,213,44419.83682,44517.15683
12.6,214,36273.401,36589.3053,14.601,214,37134.58308,39799.25064,14.5,214,35202.92978,38953.31745,14.599,214,35537.78308,37608.82784,14.652,214,34081.799,34703.78323,,,,,16.15,214,45716.999,46018.31959,20.499,214,44604.43383,44802.01531
12.65,215,36487.1801,36607.55524,14.701,215,35117.62786,38393.30997,14.55,215,35811.56978,39789.18944,14.649,215,35596.54527,37670.98902,14.7,215,33961.26567,34766.40411,,,,,16.199,215,45431.21194,46218.58237,20.551,215,44509.45274,44680.27068
12.752,216,36246.28856,36469.57627,14.799,216,35736.40597,39072.62789,14.6,216,38499.82578,41582.43027,14.7,216,35432.39005,37648.36627,14.8,216,33985.60796,34632.50269,,,,,16.299,216,45500.22687,46259.49321,20.65,216,44700.0199,44897.98765
12.8,217,36269.08657,36527.38332,14.849,217,38806.76617,41256.58865,14.7,217,35853.39733,39632.97547,14.8,217,35471.8408,37522.85167,14.853,217,34037.58806,34769.94347,,,,,16.349,217,45691.52637,46181.30304,20.699,217,44357.74726,44403.09015
12.85,218,36202.09353,36444.21397,14.999,218,35917.67562,38458.29292,14.75,218,35926.10133,39610.87223,14.849,218,35547.52637,37724.41205,14.9,218,33948.32239,34770.96753,,,,,16.399,218,45544.32637,46117.00272,20.799,218,44237.22985,44414.98049
12.95,219,36216.8995,36468.79514,15.1,219,35976.45373,38595.35623,14.8,219,35997.68178,39112.03551,14.95,219,35456.12736,37527.6057,15,219,34077.19801,34690.68722,,,,,16.449,219,45489.27363,46049.8612,20.849,219,44355.26368,44262.939
13,220,36168.99502,36384.55688,15.149,220,35967.2995,38480.29526,14.9,220,35807.38844,39650.90773,15.049,220,35353.50448,37594.67414,15.1,220,34066.08557,34882.3359,,,,,16.549,220,45587.61393,46222.16251,20.899,220,44353.87861,44588.02075
13.052,221,36079.42687,36416.9082,15.201,221,35727.3791,38879.15534,14.951,221,36009.96978,39230.50502,15.1,221,35414.27264,37348.3915,15.151,221,33950.94925,34763.20112,,,,,16.599,221,45484.97512,46096.67572,21.049,221,44404.90348,44443.73623
13.152,222,36166.49552,36449.21093,15.249,222,35627.001,38916.00654,15,222,35791.41689,39659.7879,15.199,222,35584.73234,37756.37094,15.2,222,34044.08358,34743.15721,,,,,16.65,222,45605.5403,46124.32897,21.099,222,44076.25871,44446.59323
13.2,223,36215.27562,36485.79304,15.3,223,35790.83781,39062.46204,15.052,223,35938.33244,39797.32586,15.299,223,35396.36219,37412.09624,15.3,223,34011.09652,34700.0869,,,,,16.749,223,45512.61294,46086.63077,21.249,223,44092.00398,44446.5221
13.252,224,36252.06766,36339.12077,15.4,224,36893.35721,39433.16048,15.152,224,35863.39556,39039.3908,15.349,224,35527.59403,37678.47139,15.351,224,34037.44478,34667.24223,,,,,16.799,224,45187.24776,45739.68881,21.299,224,44157.05473,44391.19585
13.3,225,36219.27164,36408.49147,15.449,225,35561.85473,38630.36487,15.2,225,35738.69511,39535.16281,15.549,225,35333.06269,37399.90096,15.4,225,34023.06866,34724.10745,,,,,16.899,225,45382.12935,45927.86762,21.399,225,44134.2408,44225.40282
13.4,226,36169.90249,36367.92899,15.499,226,35004.40199,38423.30297,15.25,226,35640.448,39254.548,15.599,226,35422.4398,37463.93833,15.5,226,33931.41493,34609.50245,,,,,16.95,226,45323.2398,45717.96691,21.599,226,44036.98308,43889.18153
13.502,227,36423.83284,36791.49358,15.599,227,35670.44776,39058.18267,15.35,227,35769.44356,39520.57557,15.7,227,35391.63383,37424.41112,15.551,227,33885.19801,34644.63443,,,,,16.999,227,45280.23881,46009.26253,21.651,227,43863.73731,44203.60583
13.55,228,36198.79801,36301.73137,15.699,228,35631.95224,38995.00864,15.4,228,38973.14133,41913.91918,15.749,228,35278.15323,37442.58257,15.652,228,33962.93731,34608.62789,,,,,17.1,228,45002.63483,45538.40257,21.699,228,44064.04776,44369.22895
13.602,229,36121.07463,36447.33847,15.749,229,35614.64677,38779.45527,15.5,229,35648.99556,39474.41813,15.8,229,35296.31841,37303.56459,15.7,229,33896.46965,34642.04438,,,,,17.2,229,45410.2607,45883.04075,21.799,229,44436.42587,44730.7997
13.65,230,35948.24279,36278.34618,15.799,230,35282.21294,38215.71409,15.55,230,35648.35556,39481.9117,15.849,230,35304.46965,37335.30297,15.8,230,33837.59602,34609.24083,,,,,17.249,230,45404.56119,45724.09187,21.849,230,43782.28856,43930.32156
13.75,231,36214.46368,36409.86685,15.849,231,35507.0408,38838.07335,15.651,231,36456.37689,39513.05583,15.95,231,35185.54428,37301.31838,15.85,231,33765.6199,34421.47536,,,,,17.299,231,45190.46368,45802.97357,21.949,231,43985.54428,44160.03556
13.8,232,35978.68259,36256.94184,15.949,232,34984.31045,37599.01331,15.7,232,35713.89156,39438.76664,15.999,232,35272.58109,37288.26349,15.901,232,33982.58308,34691.41976,,,,,17.35,232,45414.22488,46044.66486,22,232,44068.15522,44252.51469
13.952,233,35981.70746,36296.67461,15.999,233,35525.97015,38809.79584,15.751,233,35048.192,38757.14646,16.099,233,35344.35025,37369.08199,16,233,33863.73731,34587.35809,,,,,17.45,233,45172.50547,45882.89454,22.099,233,44062.93333,44270.09928
14.05,234,35897.58408,36185.89675,16.099,234,35662.37612,38296.40178,15.85,234,35527.31022,39429.22495,16.149,234,35203.2796,37313.80892,16.05,234,33800.13532,34445.01752,,,,,17.499,234,45216.63682,45809.38701,22.149,234,44015.0607,44275.78563
14.1,235,35830.01791,36143.61131,16.15,235,35474.4995,38710.95538,15.902,235,35037.68178,38232.59238,16.199,235,35197.30945,37242.82364,16.15,235,33988.87164,34671.37585,,,,,17.599,235,45246.77413,45874.26426,22.349,235,43528.10348,43823.42307
14.201,236,36006.89353,36460.87176,16.199,236,37241.24975,39860.9409,15.95,236,36261.17689,39524.65312,16.249,236,35239.46667,37362.47045,16.301,236,33840.50945,34561.06143,,,,,17.699,236,45063.57811,45588.66288,22.449,236,43654.65473,43874.85305
14.402,237,35912.46965,36053.58,16.299,237,35381.03085,38691.74118,16.049,237,35033.78489,38324.24947,16.349,237,35438.15323,37605.65102,16.4,237,33862.95721,34573.80612,,,,,17.75,237,44750.69453,45669.99457,22.601,237,43830.41592,43971.29168
14.501,238,36439.16418,36494.66947,16.349,238,35420.11542,38647.50105,16.102,238,35604.49422,39418.16211,16.449,238,34897.25771,36973.47349,16.502,238,33641.88657,34369.74539,,,,,17.849,238,45434.06169,46228.52457,22.649,238,43863.32338,43880.32996
14.6,239,35946.77811,36105.28381,16.449,239,37516.8796,39923.53562,16.201,239,38577.30844,41451.44032,16.499,239,35080.91542,37106.63864,16.55,239,33732.52139,34413.55197,,,,,17.899,239,45032.56517,45910.84021,22.701,239,43843.86866,43868.46332
14.7,240,35928.78806,36253.07732,16.499,240,35296.7801,38674.32095,16.25,240,35552.98133,39241.96403,16.549,240,35099.89254,37293.78743,16.65,240,33767.29154,34555.9972,,,,,17.949,240,45179.46269,45842.80168,22.849,240,43810.84975,43775.72734
14.85,241,35880.93134,36167.66924,16.549,241,35357.16617,38761.90049,16.3,241,35602.00533,39317.40808,16.649,241,35493.5403,37477.71082,16.749,241,33642.2209,34374.21163,,,,,18.049,241,45176.80398,45770.12793,22.999,241,44035.47065,44251.19486
14.9,242,35956.09154,36021.14272,16.649,242,35484.0199,38889.75847,16.4,242,34973.26933,38834.82177,16.7,242,35164.68856,37243.31324,16.801,242,33652.71244,34430.02663,,,,,18.15,242,44863.34726,45560.08101,23.099,242,43871.23582,43970.03507
14.952,243,35900.51343,35976.04298,16.699,243,34761.31343,37439.23009,16.45,243,36088.30578,39161.75473,16.751,243,35117.91443,37171.1843,16.85,243,33779.13632,34529.936,,,,,18.249,243,44927.87264,45837.5105,23.251,243,43671.24378,43798.4411
15.051,244,35755.90846,36014.42654,16.749,244,34843.63781,37326.71058,16.5,244,35230.19378,38905.07078,16.851,244,35146.41194,37239.60944,16.95,244,33584.9393,34416.51577,,,,,18.349,244,45122.61095,45374.48654,23.299,244,43745.87861,43991.98222
15.1,245,35830.82985,35999.14413,16.849,245,35452.7204,38661.46414,16.55,245,35028.32356,38658.72833,16.899,245,35035.59005,37031.07125,17,245,33643.97214,34502.60033,,,,,18.399,245,44834.78607,45525.12917,23.499,245,43491.62985,43862.60706
15.151,246,35817.79104,35932.77085,16.95,246,35724.54527,38977.15861,16.65,246,35356.07467,39175.72904,16.999,246,34998.78209,37025.56599,17.101,246,33918.10547,34671.08433,,,,,18.45,246,44954.10945,45555.64732,23.751,246,43762.65871,43880.52754
15.201,247,35730.5791,35951.18524,16.999,247,37791.34726,40248.12894,16.699,247,34791.43822,38484.0925,17.099,247,34873.61592,37074.45176,17.15,247,33672.85174,34307.49825,,,,,18.55,247,44910.75821,45626.93406,23.95,247,43691.04876,43768.08891
15.3,248,35708.81592,35959.45994,17.049,248,35416.40597,37871.67484,16.8,248,35441.67822,39062.50315,17.151,248,34927.85672,37125.1801,17.2,248,33437.34129,34152.85401,,,,,18.649,248,45065.91841,45334.68214,23.999,248,43583.04478,43930.86293
15.35,249,35940.17114,36010.26676,17.099,249,35415.11642,38423.55338,16.9,249,35373.49689,39129.452,17.299,249,35050.09353,37049.10068,17.301,249,33521.01891,34383.40201,,,,,18.699,249,45101.15025,45593.14794,24.099,249,43523.86866,43993.59842
15.4,250,35644.48159,35950.74796,17.199,250,35405.70746,37884.19902,17,250,38364.97067,41198.29946,17.349,250,35190.5592,37140.01402,17.35,250,33608.23085,34336.40364,,,,,18.799,250,44711.86468,45526.78093,24.301,250,43344.6209,43692.13929
15.45,251,35756.29055,35998.99089,17.249,251,36704.97114,39068.71479,17.049,251,35359.88622,39067.30951,17.399,251,34959.66567,37035.77669,17.4,251,33813.63582,34610.03317,,,,,18.849,251,44945.35323,45574.95876,24.349,251,43448.10348,43719.82811
15.55,252,35706.65075,36019.6029,17.299,252,35192.78806,38497.6669,17.1,252,35385.58578,39130.67788,17.449,252,35027.69353,37050.43495,17.501,252,33647.49055,34310.61901,,,,,18.949,252,44882.78607,45462.91134,24.449,252,43537.11443,43824.53347
15.65,253,35757.81891,35982.05279,17.399,253,35207.62587,38437.94254,17.151,253,35399.19644,38509.41369,17.549,253,34924.78408,36967.10862,17.549,253,33672.24677,34333.32773,,,,,18.999,253,44631.59403,45413.469,24.5,253,43522.97711,43492.33095
15.751,254,35681.05075,35887.14786,17.449,254,35250.10149,38318.58725,17.25,254,35536.28444,38722.70217,17.6,254,34930.00597,36987.9972,17.6,254,33498.85771,34230.5181,,,,,19.049,254,44700.51343,45434.00543,24.601,254,43057.35323,43374.36799
15.8,255,35555.69353,35781.62859,17.499,255,34300.08358,36837.73698,17.301,255,35321.69956,38590.57977,17.649,255,34923.95622,37046.32002,17.649,255,33483.65373,34267.59355,,,,,19.199,255,44968.78806,45467.01309,24.651,255,43475.50249,43513.02544
15.85,256,35893.09453,36225.91357,17.599,256,35079.56219,38324.68302,17.402,256,35183.14667,39013.42303,17.749,256,34884.48955,36966.62275,17.75,256,33490.64279,34241.34922,,,,,19.251,256,44796.8,45521.04322,24.749,256,43329.89453,43612.94937
15.9,257,35843.3592,36120.98855,17.649,257,35227.71741,38343.67297,17.45,257,35300.15289,39188.49241,17.849,257,34907.11244,37052.6662,17.849,257,33599.44279,34166.73488,,,,,19.299,257,44817.36915,45519.05952,24.851,257,43267.74129,43617.77427
15.95,258,35537.30547,35685.34081,17.699,258,34437.89055,37690.55828,17.6,258,35104.81067,38765.4548,17.95,258,34842.95323,36941.25672,17.9,258,33514.93731,34138.88718,,,,,19.4,258,44542.90149,45320.74488,24.951,258,43294.58308,43522.65152
16.05,259,35664.22289,35799.815,17.799,259,37652.601,39865.06704,17.7,259,35231.11822,38945.67438,17.999,259,34733.37313,36803.74118,18,259,33621.71542,34287.93273,,,,,19.45,259,44782.55124,45332.58385,24.999,259,43445.93831,43646.16646
16.1,260,35654.04975,35790.56482,17.85,260,34424.58109,37689.77342,17.75,260,35426.57422,39153.9061,18.099,260,34754.43582,36866.01448,18.05,260,33519.55423,34137.49685,,,,,19.551,260,45129.66368,45760.92862,25.099,260,43259.2398,43337.18745
16.15,261,35633.35323,35880.79421,17.899,261,35104.04776,38505.69119,17.801,261,37208.78933,40039.7851,18.201,261,34737.65572,36796.32983,18.101,261,33580.0995,34294.23779,,,,,19.649,261,44532.52139,45007.96048,25.199,261,43345.43284,43405.61719
16.25,262,35684.95124,35751.92338,18,262,35096.02388,37618.08549,17.85,262,35249.69244,39038.49755,18.249,262,34755.18408,36827.45153,18.2,262,33401.26567,34155.38799,,,,,19.699,262,44212.85572,44868.56014,25.25,262,43208.93134,43487.87355
16.3,263,35621.57214,35745.52861,18.049,263,36362.63483,38767.87666,17.902,263,35215.08978,38925.52207,18.299,263,34930.56318,36901.28101,18.249,263,33328.41393,33903.44312,,,,,19.749,263,44729.74328,45510.22376,25.299,263,43231.9204,43491.85675
16.35,264,35613.24577,35752.57744,18.099,264,34973.32537,38257.13245,18,264,35144.53333,38859.34314,18.349,264,34721.51244,36805.67718,18.301,264,33373.67562,34102.61901,,,,,19.799,264,44750.201,45304.35367,25.45,264,43239.70547,43619.14547
16.45,265,35527.51443,35773.05116,18.149,265,35312.22289,37689.5716,18.1,265,34594.31822,37724.17286,18.401,265,34810.33234,36795.36931,18.401,265,33434.60299,34140.16538,,,,,19.899,265,44772.21891,45063.73327,25.55,265,43499.06468,43828.74981
16.5,266,35473.16219,35709.40248,18.249,266,35023.53831,38349.67531,18.15,266,35057.37956,38911.31979,18.55,266,34551.19602,36724.23079,18.499,266,33314.96119,34053.85658,,,,,19.949,266,44648.86766,45374.89355,25.599,266,43167.33134,43384.23512
16.55,267,35442.84975,35743.65616,18.349,267,35602.59502,38310.36861,18.2,267,35153.69244,38779.85144,18.599,267,34788.66468,36816.10091,18.549,267,33361.60796,34035.70381,,,,,19.999,267,44416.60498,45083.68881,25.649,267,43216.55721,43444.72215
16.651,268,35445.06269,35661.43985,18.399,268,34894.58308,38178.48914,18.25,268,35343.72978,38356.66059,18.649,268,34586.15721,36621.61551,18.6,268,33475.29552,34162.30227,,,,,20.049,268,44486.08159,44993.55693,25.749,268,43222.73433,43541.19239
16.7,269,35542.30448,35699.25905,18.499,269,34980.36219,38124.20276,18.35,269,37022.32178,39934.34805,18.749,269,34604.81592,36734.53118,18.651,269,33396.85572,34046.3032,,,,,20.15,269,44558.47164,45240.42084,25.849,269,43352.0398,43437.00864
16.75,270,35639.9602,35796.09624,18.549,270,34929.95821,38121.94534,18.402,270,35214.79111,38354.56389,18.799,270,34669.5801,36726.48073,18.75,270,33309.07065,33948.63256,,,,,20.249,270,44393.17015,45115.23438,26.101,270,43353.10647,43703.3144
16.801,271,35402.82587,35693.5445,18.6,271,38177.81493,40504.54006,18.501,271,35014.31467,38819.40107,18.899,271,34666.28458,36521.78837,18.849,271,33340.91144,34004.15978,,,,,20.299,271,44770.99303,45267.82514,26.199,271,43183.25174,43173.99457
16.9,272,35438.91741,35713.48003,18.699,272,34801.59204,38106.05746,18.55,272,35156.63644,38884.27564,18.951,272,34744.83582,36732.81943,18.9,272,33326.15323,33958.92175,,,,,20.399,272,44514.14925,45074.86095,26.25,272,43267.86866,43384.9227
16.95,273,35270.49552,35490.89278,18.799,273,34317.70746,37398.57416,18.651,273,34920.23467,38679.04508,19.049,273,34879.66567,37104.27283,18.95,273,33352.58109,33917.26793,,,,,20.45,273,44503.9602,45359.74315,26.351,273,43137.83085,43329.05903
17.051,274,35523.77313,35649.35669,18.849,274,35822.29652,38206.32562,18.699,274,35051.33511,38739.35249,19.1,274,34350.29652,36369.82387,19,274,33221.74726,34017.31932,,,,,20.55,274,44504.02388,45227.5268,26.399,274,43159.05274,43578.40454
17.151,275,35568.54129,35749.59495,18.949,275,34302.77413,37351.88975,18.8,275,35179.24978,38985.28381,19.199,275,34665.42488,36710.73488,19.051,275,33375.20398,34073.65382,,,,,20.651,275,44359.41891,44921.14003,26.499,275,43237.20597,43306.03705
17.2,276,35372.54527,35663.55898,18.999,276,34813.69154,38118.25274,18.85,276,34512.44089,37522.70591,19.251,276,34721.08259,36701.4548,19.15,276,33167.18806,33894.34618,,,,,20.751,276,44467.40697,45204.03853,26.549,276,43027.67761,43414.60311
17.3,277,35437.86667,35553.27073,19.049,277,34852.66468,38155.2086,18.9,277,34531.72622,37442.31722,19.352,277,34620.76816,36606.32562,19.249,277,33271.3393,33960.39804,,,,,20.799,277,44311.78507,45048.78044,26.599,277,43003.9403,43475.50901
17.35,278,35471.90448,35627.98225,19.149,278,35535.0607,37929.3623,19,278,35079.21067,38734.77786,19.401,278,34426.44378,36582.49194,19.3,278,33227.81294,33332.50736,,,,,20.901,278,44501.06269,44960.96024,26.649,278,43076.37811,43284.63522
17.4,279,35279.47463,35537.52114,19.199,279,34837.06269,38092.26629,19.05,279,35111.52356,38174.78907,19.501,279,34643.42289,36579.31885,19.449,279,33021.62786,33858.64611,,,,,20.949,279,44322.92935,44980.39417,26.7,279,42670.29652,42977.16967
17.5,280,35404.05174,35503.32352,19.25,280,35006.94925,37456.18313,19.1,280,35332.49422,39072.22425,19.549,280,34603.0806,36625.71549,19.5,280,33146.44378,33844.87363,,,,,21.049,280,44466.64279,45160.77254,26.749,280,43222.65473,43607.9427
17.55,281,35439.50647,35588.52231,19.349,281,35173.26965,38396.49428,19.2,281,35135.06133,38000.24667,19.601,281,34541.4209,36520.98855,19.6,281,33206.5592,33811.58421,,,,,21.149,281,44195.91642,44977.29612,26.849,281,43253.49254,43619.77772
17.6,282,35389.96219,35532.5466,19.399,282,37972.37811,40076.32235,19.25,282,34959.28889,38623.20392,19.899,282,34512.20697,36516.05513,19.651,282,33115.04876,33787.1488,,,,,21.249,282,43935.36318,44807.51198,27.001,282,205.8507463,127.3795999
17.7,283,35448.8995,35635.40481,19.449,283,34650.28458,37998.44896,19.35,283,35033.91289,37990.64518,19.949,283,34454.81393,36412.35225,19.749,283,33126.22488,33844.97828,,,,,21.35,283,44473.6796,45020.62139,,,,
17.751,284,35335.64179,35610.3602,19.499,284,34831.55423,37987.1843,19.401,284,36339.072,39164.99509,20.051,284,34455.56219,36509.33894,19.8,284,33536.14328,34170.97314,,,,,21.499,284,44038.33632,44905.46407,,,,
17.8,285,35280.44577,35484.5167,19.599,285,34686.16915,37964.84186,19.45,285,34921.088,38423.11609,20.099,285,34409.61592,36412.83438,19.85,285,32824.35821,33552.98295,,,,,21.599,285,44408.85174,44849.35144,,,,
17.852,286,35451.20796,35634.6349,19.649,286,35051.59005,37376.59052,19.55,286,34781.72444,38522.49848,20.199,286,34655.23582,36523.89629,19.949,286,33022.04179,33773.30904,,,,,21.649,286,43921.73532,44724.35861,,,,
17.95,287,35132.89552,35433.60149,19.749,287,34858.52338,37840.18313,19.65,287,33930.69511,36819.89815,20.251,287,34494.71045,36701.33146,20,287,33245.88259,33870.17986,,,,,21.699,287,44080.28657,44733.35638,,,,
18,288,35081.99801,35326.89372,19.799,288,34831.33134,37851.00304,19.701,288,35047.28178,38085.91264,20.299,288,34380.76816,36444.81196,20.05,288,33047.99204,33752.18874,,,,,21.849,288,44352.6209,44889.81971,,,,
18.052,289,35219.13632,35399.7552,19.9,289,34111.60199,37123.52815,19.75,289,34819.49867,38553.3623,20.399,289,34646.70249,35984.1196,20.15,289,32996.61692,33693.06984,,,,,21.901,289,44330.39602,44780.68857,,,,
18.151,290,35124.6806,35476.60453,19.949,290,35995.41493,38509.04368,19.85,290,34273.39378,37754.3602,20.5,290,34411.14428,36484.35039,20.25,290,32998.59104,33732.44382,,,,,22,290,44168.29453,44728.57496,,,,
18.2,291,35272.9791,35407.92899,20.05,291,34104.29453,37187.16935,19.899,291,34763.05067,38371.70381,20.549,291,34622.12139,36449.28568,20.35,291,32921.02687,33685.97991,,,,,22.099,291,44082.77015,44713.19536,,,,
18.251,292,35239.06866,35516.61761,20.099,292,34601.56816,37832.68208,19.95,292,37130.112,40060.24761,20.649,292,34491.60597,36469.2698,20.4,292,33133.99403,33785.10441,,,,,22.151,292,44019.64577,44857.19141,,,,
18.3,293,35293.46866,35435.32072,20.199,293,37215.85672,39450.43868,20,293,34162.38933,37800.19622,20.701,293,34368.79602,36326.50315,20.45,293,33133.89851,33852.49054,,,,,22.299,293,44147.0408,44583.48827,,,,
18.401,294,35025.46468,35369.49685,20.249,294,34611.51841,37847.40388,20.1,294,34889.00267,38554.55454,20.901,294,34275.16816,36240.29526,20.55,294,33059.18408,33648.22051,,,,,22.351,294,43957.14229,44695.3144,,,,
18.5,295,35012.04378,35311.90656,20.299,295,34741.52438,37735.32165,20.2,295,36175.47378,38748.69236,20.95,295,34338.48358,36236.3373,20.6,295,32972.92736,33626.89465,,,,,22.399,295,44087.40299,44643.37466,,,,
18.55,296,35213.78706,35450.53586,20.349,296,34710.12935,37222.71245,20.249,296,34786.37511,38433.49872,20.999,296,34426.33234,36414.57977,20.699,296,32963.72537,33687.93086,,,,,22.499,296,44077.35721,44707.39442,,,,
18.602,297,35247.3791,35256.13642,20.45,297,34607.41095,37028.04391,20.3,297,34789.68889,37851.91497,21.049,297,34242.37214,36308.75403,20.749,297,32976.92338,33650.64237,,,,,22.599,297,43880.7403,44448.08694,,,,
18.702,298,35125.82687,35303.41135,20.499,298,34686.5194,37081.56412,20.4,298,34875.70489,38273.00537,21.149,298,34246.4,36298.26676,20.85,298,32817.09851,33612.04578,,,,,22.649,298,43837.48458,44491.48333,,,,
18.75,299,34988.70448,35308.43448,20.599,299,34507.28756,37780.14109,20.45,299,34270.43556,36976.49708,21.199,299,34158.5194,36258.85167,20.95,299,33048.59701,33694.32562,,,,,22.7,299,44134.27264,44739.57224,,,,
18.8,300,35200.44577,35431.05256,20.65,300,33993.32935,37274.10231,20.55,300,34716.61511,38142.55735,21.249,300,34407.84876,36315.16375,21,300,33007.64975,33855.87293,,,,,22.749,300,43941.93831,44428.08792,,,,
18.85,301,35159.3393,35289.77342,20.749,301,36242.32438,38614.38729,20.6,301,34687.08978,37755.41042,21.349,301,34164.21891,36225.25204,21.199,301,32823.91244,33524.08503,,,,,22.799,301,43910.65473,44712.6935,,,,
18.95,302,35018.31642,35354.36393,20.799,302,33993.02687,37058.28732,20.7,302,34715.67644,38331.0591,21.4,302,34429.83483,36371.25531,21.25,302,33066.07761,33642.31908,,,,,22.901,302,44105.80697,44919.61867,,,,
19,303,35054.10547,35290.60687,20.9,303,34569.58408,37673.68746,20.75,303,37712.24178,40608.98669,21.501,303,34188.46567,36207.17029,21.3,303,32981.55622,33731.62906,,,,,23.001,303,43535.80896,43650.63571,,,,
19.051,304,34962.91343,35239.85985,20.949,304,34535.46667,37555.58421,20.799,304,34645.91644,38195.76734,21.549,304,34201.77512,36081.7267,21.45,304,32817.799,33520.04859,,,,,23.049,304,43718.44776,44488.62633,,,,
19.15,305,35020.0995,35211.05162,20.999,305,36392.77214,38724.18968,20.901,305,34649.10222,38139.86639,21.601,305,34319.93632,36187.54123,21.55,305,32965.87463,33590.5181,,,,,23.099,305,43726.5194,44454.04199,,,,
19.25,306,34836.1393,35249.67064,21.099,306,34420.96716,37688.12894,20.95,306,33951.47378,37528.57744,21.7,306,34488.42189,36408.71946,21.6,306,32834.56318,33448.95492,,,,,23.149,306,43910.2408,44493.81082,,,,
19.3,307,34954.3005,35206.86195,21.149,307,33907.23184,36985.58281,21.05,307,34571.15022,38258.17519,21.749,307,34243.13632,36271.79818,21.7,307,32838.22488,33450.03504,,,,,27.55,307,172.9751244,110.8421833,,,,
19.35,308,34858.20498,35025.47255,21.199,308,34453.89055,37597.88834,21.101,308,33866.80889,37540.33544,21.799,308,33893.20597,35793.12871,21.75,308,32838.57512,33575.31044,,,,,,,,,,,,
19.45,309,34932.20299,35360.65032,21.252,309,34143.41095,36356.71665,21.151,309,34569.00267,38212.75777,21.899,309,34259.39104,36196.50362,21.85,309,32765.77114,33395.68138,,,,,,,,,,,,
19.502,310,34840.70846,35189.09414,21.351,310,34572.00398,37530.85728,21.25,310,34047.71556,36935.56085,21.951,310,34091.98806,36109.63794,21.9,310,32730.5393,33385.59402,,,,,,,,,,,,
19.601,311,34624.06368,34745.04462,21.449,311,34593.92637,37119.72717,21.301,311,35327.55911,38100.79514,21.999,311,34028.7204,35985.0876,22,311,32834.13333,33486.04905,,,,,,,,,,,,
19.701,312,34941.85075,35164.86802,21.499,312,34410.61891,37544.06914,21.4,312,34632.29156,37622.59659,22.051,312,34222.94925,36198.85074,22.1,312,32687.26766,33420.427,,,,,,,,,,,,
19.75,313,34907.8607,35200.15697,21.599,313,34621.53234,37016.37561,21.45,313,34520.53333,38000.29526,22.25,313,33962.49154,36063.86545,22.15,313,32827.44677,33668.12988,,,,,,,,,,,,
19.85,314,34925.80299,35137.06891,21.7,314,34555.11244,37845.89021,21.55,314,37474.41778,40293.94254,22.599,314,34094.75821,36155.67204,22.25,314,32609.99005,33346.40318,,,,,,,,,,,,
19.9,315,34950.73433,35190.73114,21.749,315,34168.50149,37325.64167,21.6,315,34481.77778,37902.51997,23.099,315,33883.90846,35950.87129,22.3,315,32710.14527,33341.96309,,,,,,,,,,,,
19.95,316,34849.78308,35069.74258,21.799,316,36231.76915,38502.36487,21.65,316,34343.32444,38082.00327,23.351,316,33795.86866,35834.86101,22.4,316,32741.82687,33446.47325,,,,,,,,,,,,
20.052,317,34868.69652,35214.88624,21.849,317,34354.92935,37411.09834,21.749,317,34388.77867,38118.88064,23.7,317,33856.81194,35783.88975,22.45,317,32889.56816,33546.76384,,,,,,,,,,,,
20.1,318,34792.70846,35062.76851,21.949,318,34002.72239,37096.6933,21.8,318,34766.74844,37606.52932,23.949,318,33937.81493,35656.62976,22.55,318,32363.59005,33061.26232,,,,,,,,,,,,
20.201,319,34874.73035,35130.25929,21.999,319,34667.47861,37732.92221,21.85,319,34280.41956,37427.40107,24.049,319,33667.24776,35652.7615,22.6,319,32717.85075,33333.94627,,,,,,,,,,,,
20.25,320,34857.69552,35054.87877,22.049,320,33429.25373,35880.13642,21.95,320,34489.32978,38152.62976,24.149,320,33666.45174,35616.5195,22.699,320,32617.90249,33295.99626,,,,,,,,,,,,
20.3,321,34782.53532,34993.15861,22.149,321,34348.75224,37397.7594,22,321,34462.54933,38048.30647,24.201,321,33524.85572,35328.90446,22.75,321,32587.001,33285.82294,,,,,,,,,,,,
20.4,322,34737.86269,34941.44733,22.25,322,33790.34428,36678.03224,22.051,322,33745.36533,37361.74912,24.299,322,34160.25473,36080.50082,22.799,322,32774.2408,33391.72343,,,,,,,,,,,,
20.45,323,34810.57114,34998.11446,22.3,323,34287.3791,37462.70871,22.15,323,34379.49156,37991.76267,24.35,323,33585.99005,35675.91871,22.9,323,32606.69453,33203.27774,,,,,,,,,,,,
20.5,324,34635.79701,34949.33333,22.4,324,33543.27562,36682.19201,22.2,324,33724.71467,37257.0633,24.399,324,33848.83582,35658.19575,22.95,324,32561.81493,33249.41275,,,,,,,,,,,,
20.55,325,34719.85672,35014.79094,22.449,325,34165.25373,37403.6982,22.249,325,34422.28622,37926.36861,24.499,325,33594.10945,35678.24714,23.05,325,32509.93035,33194.16211,,,,,,,,,,,,
20.601,326,34867.61393,35087.39827,22.549,326,34368.8597,36851.45714,22.3,326,34389.14844,37765.80051,24.599,326,33612.59303,35662.52371,23.1,326,32574.98109,33223.33287,,,,,,,,,,,,
20.7,327,34816.9393,35004.61388,22.599,327,35637.09453,37888.9082,22.4,327,34308.36622,38027.55244,24.699,327,33691.46269,35679.8505,23.25,327,32367.34726,33144.85027,,,,,,,,,,,,
20.751,328,34852.29851,35093.73698,22.65,328,34278.54328,37317.40061,22.449,328,34398.10844,37921.49872,24.75,328,33789.35721,35708.40458,23.349,328,31362.10149,32524.9652,,,,,,,,,,,,
20.8,329,34704.84378,34892.43822,22.749,329,34216.88358,37414.09203,22.5,329,34358.4,37349.02313,24.799,329,33849.98209,35568.85587,23.45,329,32519.49851,33311.89535,,,,,,,,,,,,
20.851,330,34743.97612,35015.17589,22.849,330,34083.18408,36559.66737,22.551,330,34439.82222,37911.41509,24.849,330,33570.77015,35588.33544,23.55,330,32471.29154,33192.18874,,,,,,,,,,,,
21,331,34736.65274,34945.80892,22.898,331,34184.61294,36622.99463,22.651,331,34271.41689,37197.00631,24.949,331,33625.66368,35537.34548,23.599,331,32205.83483,32887.22448,,,,,,,,,,,,
21.051,332,34794.01393,34943.13291,22.949,332,34285.5005,37528.78673,22.699,332,34427.76178,38180.85494,24.999,332,33725.85075,35747.43471,23.699,332,32423.1801,33125.49778,,,,,,,,,,,,
21.15,333,34846.53532,34964.49988,23.001,333,34033.78308,37023.87293,22.75,333,34312.97422,37889.24457,25.101,333,33515.92438,35531.9673,23.849,333,32436.6806,33068.95025,,,,,,,,,,,,
21.251,334,34590.77413,34862.68068,23.1,334,34128.8597,37270.91053,22.8,334,33933.12711,37433.59028,25.149,334,33523.61393,35539.77856,24.099,334,32296.93134,33091.18804,,,,,,,,,,,,
21.3,335,34695.64179,34899.26653,23.149,335,36655.76119,39189.59869,22.9,335,35888.66844,38844.82691,25.199,335,33559.59403,35644.43822,24.199,335,32410.49154,33031.43378,,,,,,,,,,,,
21.4,336,34578.97711,34786.76945,23.201,336,33675.92438,36903.20206,23,336,34186.93689,37908.49241,25.299,336,33754.02985,35790.88998,24.35,336,32478.18507,33061.47162,,,,,,,,,,,,
21.45,337,34523.44677,34803.50199,23.299,337,34089.53632,37305.55665,23.05,337,34242.83022,37072.56062,25.349,337,33630.80597,35475.47209,24.4,337,32493.67562,33163.90376,,,,,,,,,,,,
21.5,338,34649.95025,34962.16024,23.349,338,33397.50846,36598.39103,23.149,338,36302.39289,38890.86849,25.399,338,33514.14129,35494.23779,24.5,338,32275.3592,32970.70404,,,,,,,,,,,,
21.552,339,34462.201,34820.46625,23.399,339,34940.92736,37353.81453,23.199,339,34288.98133,37845.63607,25.451,339,33889.59204,35852.66246,24.549,339,32382.99701,33114.28918,,,,,,,,,,,,
21.652,340,34455.84876,34819.59168,23.449,340,34012.8,37233.61084,23.299,340,33663.50222,37032.19995,25.549,340,33361.09851,35374.1537,24.6,340,32288.01592,32957.97057,,,,,,,,,,,,
21.7,341,34572.1791,34802.00327,23.551,341,34106.5393,37152.35132,23.35,341,34258.53156,37775.31605,25.649,341,33560.21493,35460.67181,24.7,341,32242.56318,32956.82317,,,,,,,,,,,,
21.8,342,34594.21294,34774.0883,23.649,342,33643.36716,35980.54286,23.4,342,33790.30756,36785.9958,25.699,342,33533.59602,35527.73277,24.75,342,32246.49552,33071.2413,,,,,,,,,,,,
21.85,343,34598.68657,34746.2705,23.699,343,34814.34428,37271.13104,23.45,343,33661.38311,36642.67601,25.749,343,33582.90149,35388.41205,24.849,343,32342.08159,33039.51039,,,,,,,,,,,,
21.95,344,34491.52637,34742.84326,23.75,344,33898.39602,37164.20276,23.551,344,34194.11911,37740.81196,25.849,344,33440.90746,35428.44382,24.9,344,32279.38706,32961.00911,,,,,,,,,,,,
22,345,34577.94229,34759.51974,23.849,345,34065.68756,37108.32422,23.6,345,34219.46311,37320.65966,25.949,345,33302.46368,34660.45503,24.95,345,31968.36617,32772.07381,,,,,,,,,,,,
22.1,346,34630.89353,34813.10722,23.949,346,37007.64975,39220.87363,23.651,346,34253.71022,37713.81266,26.049,346,33411.66169,35393.29689,25,346,31883.20796,32609.72296,,,,,,,,,,,,
22.201,347,34500.01194,34859.12263,23.999,347,34125.80299,37080.0953,23.751,347,34312.51911,37191.66176,26.099,347,33320.53333,35428.20089,25.099,347,32208.54129,32932.26816,,,,,,,,,,,,
22.252,348,34429.69154,34775.7253,24.101,348,33859.08856,37106.51904,23.8,348,34162.87289,37687.80005,26.149,348,33557.90647,35503.08059,25.2,348,32190.80597,32927.701,,,,,,,,,,,,
22.3,349,34269.4209,34522.03504,24.149,349,33423.02886,36421.18384,23.9,349,33992.00711,37504.6391,26.249,349,33413.49254,35351.59449,25.25,349,32187.65373,32893.08106,,,,,,,,,,,,
22.4,350,34510.69453,34756.41018,24.249,350,34005.73134,36858.56949,23.95,350,35861.97333,38723.56552,26.301,350,33459.8209,35440.52324,25.3,350,32129.87861,32875.60103,,,,,,,,,,,,
22.45,351,34510.31244,34663.17589,24.299,351,33430.22488,36412.15043,24.001,351,34058.90844,37765.37818,26.349,351,33607.75323,35466.13969,25.4,351,32194.14925,32893.34641,,,,,,,,,,,,
22.55,352,34578.96119,34720.29526,24.349,352,33926.84577,37053.01004,24.101,352,33821.89511,37198.75917,26.449,352,33488,35409.83882,25.45,352,32180.74428,32805.08292,,,,,,,,,,,,
22.6,353,34404.85572,34648.72693,24.449,353,33381.44478,36022.33123,24.15,353,34521.78489,37832.22238,26.549,353,33313.41692,35297.29689,25.549,353,32197.68358,32868.70171,,,,,,,,,,,,
22.65,354,34379.22388,34681.89675,24.549,354,33937.7194,37038.99089,24.25,354,33732.864,36860.27377,26.599,354,33214.31244,35230.29573,25.6,354,32190.79005,32829.71642,,,,,,,,,,,,
22.751,355,34277.95423,34615.05256,24.6,355,33979.76517,36464.37001,24.299,355,34069.70311,37623.63934,26.65,355,33540.63284,35608.06167,25.701,355,32198.16119,32836.70171,,,,,,,,,,,,
22.8,356,34380.49751,34609.95095,24.7,356,33959.1801,36995.28895,24.399,356,33395.584,36936.16632,26.749,356,33591.51443,35386.30787,25.851,356,32115.93234,32763.69073,,,,,,,,,,,,
22.851,357,34359.64179,34574.86755,24.749,357,36874.33234,39043.28148,24.451,357,34007.424,37607.5459,26.849,357,33342.90149,35351.99813,25.952,357,32168.53333,32906.64798,,,,,,,,,,,,
22.951,358,34255.20398,34483.11329,24.849,358,33770.77811,36962.56389,24.499,358,36490.90844,39408.85214,26.95,358,78.55124378,100.7428171,26.1,358,32130.14925,32834.93016,,,,,,,,,,,,
23,359,34332.1791,34500.9409,24.949,359,33784.07164,36916.07755,24.6,359,34026.60978,37624.90259,26.999,359,76.59303483,100.0327026,26.151,359,32071.64179,32725.8192,,,,,,,,,,,,
23.1,360,34413.67562,34652.44943,25.049,360,33994.96915,36396.97267,24.651,360,33929.99822,37575.55338,27.049,360,72.58109453,100.952114,26.249,360,32037.58806,32702.26956,,,,,,,,,,,,
23.152,361,34271.8408,34493.80238,25.1,361,33790.08955,36932.72787,24.7,361,34207.57333,37016.12894,,,,,26.3,361,31943.1005,32580.86615,,,,,,,,,,,,
23.25,362,34281.87065,34518.60406,25.199,362,33834.87363,36842.53586,24.801,362,33956.46578,37507.71128,,,,,26.35,362,32178.75423,32834.36954,,,,,,,,,,,,
23.351,363,33945.61592,34217.3922,25.252,363,33151.39502,36188.61014,24.849,363,34124.70044,37053.85471,,,,,26.45,363,31999.15622,32702.52745,,,,,,,,,,,,
23.4,364,34212.39403,34471.97944,25.299,364,35173.57214,37434.98435,24.95,364,33898.68089,37536.03737,,,,,26.549,364,32070.06567,32792.29713,,,,,,,,,,,,
23.5,365,34262.06567,34631.35155,25.45,365,33900.60896,36851.70007,24.999,365,33924.38044,36749.00631,,,,,26.599,365,32088.05572,32675.09834,,,,,,,,,,,,
23.552,366,34166.65473,34463.10301,25.55,366,35681.52836,37907.32633,25.049,366,33883.56267,36901.80425,,,,,26.649,366,31976.72438,32500.22705,,,,,,,,,,,,
23.652,367,34242.37214,34511.53282,25.651,367,33839.2199,36823.09367,25.15,367,33664.05689,37361.57346,,,,,26.699,367,31975.75323,32485.44546,,,,,,,,,,,,
23.7,368,34181.01493,34371.87199,25.699,368,33859.74129,36267.89629,25.25,368,33961.27289,37447.7552,,,,,26.799,368,31918.21692,32647.32913,,,,,,,,,,,,
23.751,369,34184.08756,34430.38916,25.799,369,33399.84876,35835.79537,25.3,369,36505.6,39386.75263,,,,,26.849,369,31897.20199,32671.9402,,,,,,,,,,,,
23.8,370,34271.33134,34444.50923,25.899,370,33965.32537,36909.43611,25.35,370,33358.47822,37060.71292,,,,,26.95,370,70.55920398,84.61200654,,,,,,,,,,,,
23.951,371,34081.54428,34402.87409,25.95,371,33664.19104,36721.65195,25.401,371,34222.89067,37918.22098,,,,,27,371,69.54029851,84.79140388,,,,,,,,,,,,
24,372,34085.09453,34385.5174,26.05,372,33765.84279,36794.92455,25.55,372,34562.07644,37373.52207,,,,,,,,,,,,,,,,,,,,
24.1,373,34171.74925,34369.20346,26.099,373,35500.76816,37918.10885,25.649,373,33313.10933,36749.2455,,,,,,,,,,,,,,,,,,,,
24.151,374,34198.76617,34515.16935,26.199,374,33644.62488,36600.87643,25.7,374,33858.16178,37427.01238,,,,,,,,,,,,,,,,,,,,
24.251,375,34021.60398,34363.97851,26.249,375,33781.97015,36682.21817,25.801,375,33247.60178,36045.92198,,,,,,,,,,,,,,,,,,,,
24.3,376,34166.97313,34497.59963,26.351,376,35557.06269,37809.38285,25.85,376,34509.62489,37474.3658,,,,,,,,,,,,,,,,,,,,
24.4,377,34081.86269,34279.71409,26.399,377,33597.24577,36713.93786,25.95,377,33932.13156,36850.19014,,,,,,,,,,,,,,,,,,,,
24.451,378,34026.69851,34197.41182,26.499,378,33010.84975,36019.61785,26,378,33792.95289,37309.97431,,,,,,,,,,,,,,,,,,,,
24.5,379,34231.06866,34580.56716,26.551,379,33464.56517,36690.94884,26.102,379,36732.35911,39269.05302,,,,,,,,,,,,,,,,,,,,
24.6,380,34057.74328,34299.86265,26.598,380,32760.75622,34898.88531,26.15,380,33732.92089,37252.79514,,,,,,,,,,,,,,,,,,,,
24.651,381,34057.09055,34310.97407,26.699,381,33719.24378,36703.51413,26.25,381,33702.912,37490.10792,,,,,,,,,,,,,,,,,,,,
24.7,382,33687.78507,33906.95258,26.799,382,33675.06468,36034.66854,26.301,382,33221.46133,36567.19084,,,,,,,,,,,,,,,,,,,,
24.751,383,33713.84677,33963.61972,26.899,383,20000.38209,21119.07685,26.351,383,34496.91022,37329.40902,,,,,,,,,,,,,,,,,,,,
24.8,384,34463.02886,34632.86148,26.999,384,72.42189055,96.73627657,26.451,384,33136.768,36490.35646,,,,,,,,,,,,,,,,,,,,
24.85,385,34055.27562,34203.62719,27.05,385,69.6358209,106.4984817,26.5,385,33670.67022,37118.72927,,,,,,,,,,,,,,,,,,,,
24.951,386,34008.96318,34287.11423,,,,,26.6,386,33269.14844,36233.26139,,,,,,,,,,,,,,,,,,,,
25.052,387,33958.90945,34280.37935,,,,,26.651,387,34565.98756,37418.23312,,,,,,,,,,,,,,,,,,,,
25.1,388,34002.61095,34193.36417,,,,,26.699,388,33638.42844,37292.31488,,,,,,,,,,,,,,,,,,,,
25.152,389,34038.17711,34205.57066,,,,,26.751,389,33705.20178,36741.21374,,,,,,,,,,,,,,,,,,,,
25.251,390,34038.5592,34296.59986,,,,,26.9,390,34150.272,36665.19038,,,,,,,,,,,,,,,,,,,,
25.35,391,33844.87164,34228.40645,,,,,26.999,391,71.85066667,98.25741649,,,,,,,,,,,,,,,,,,,,
25.4,392,34018.35622,34240.08222,,,,,27.1,392,68.23822222,105.8631161,,,,,,,,,,,,,,,,,,,,
25.451,393,33809.17811,34167.30297,,,,,,,,,,,,,,,,,,,,,,,,,,,,
25.5,394,34096.1592,34320.53819,,,,,,,,,,,,,,,,,,,,,,,,,,,,
25.6,395,33943.27562,34184.89512,,,,,,,,,,,,,,,,,,,,,,,,,,,,
25.65,396,34119.57811,34266.61434,,,,,,,,,,,,,,,,,,,,,,,,,,,,
25.8,397,34077.30945,34298.86101,,,,,,,,,,,,,,,,,,,,,,,,,,,,
25.852,398,33779.32736,34217.46695,,,,,,,,,,,,,,,,,,,,,,,,,,,,
25.951,399,34165.87463,34472.29339,,,,,,,,,,,,,,,,,,,,,,,,,,,,
26,400,33875.56617,34025.08573,,,,,,,,,,,,,,,,,,,,,,,,,,,,
26.1,401,33907.05672,34113.46134,,,,,,,,,,,,,,,,,,,,,,,,,,,,
26.152,402,33864.64478,34077.79491,,,,,,,,,,,,,,,,,,,,,,,,,,,,
26.2,403,33749.28557,34085.95375,,,,,,,,,,,,,,,,,,,,,,,,,,,,
26.3,404,33768.94726,34215.52721,,,,,,,,,,,,,,,,,,,,,,,,,,,,
26.4,405,33786.17313,34024.10278,,,,,,,,,,,,,,,,,,,,,,,,,,,,
26.452,406,33640.94726,33953.82761,,,,,,,,,,,,,,,,,,,,,,,,,,,,
26.5,407,33972.37811,34172.22518,,,,,,,,,,,,,,,,,,,,,,,,,,,,
26.6,408,33711.76119,34057.1231,,,,,,,,,,,,,,,,,,,,,,,,,,,,
26.651,409,33900.59303,34120.92875,,,,,,,,,,,,,,,,,,,,,,,,,,,,
26.7,410,33759.72935,34070.10325,,,,,,,,,,,,,,,,,,,,,,,,,,,,
26.751,411,33710.48756,34016.11212,,,,,,,,,,,,,,,,,,,,,,,,,,,,
26.85,412,33792.8597,34086.49942,,,,,,,,,,,,,,,,,,,,,,,,,,,,
26.899,413,17962.02985,18100.72039,,,,,,,,,,,,,,,,,,,,,,,,,,,,
26.952,414,67.70945274,70.8918477,,,,,,,,,,,,,,,,,,,,,,,,,,,,
27,415,68.09154229,71.01518337,,,,,,,,,,,,,,,,,,,,,,,,,,,,
